-- MySQL dump 10.13  Distrib 8.0.21, for Linux (x86_64)
--
-- Host: localhost    Database: vk
-- ------------------------------------------------------
-- Server version	8.0.21-0ubuntu0.20.04.4

/*!40101 SET @OLD_CHARACTER_SET_CLIENT=@@CHARACTER_SET_CLIENT */;
/*!40101 SET @OLD_CHARACTER_SET_RESULTS=@@CHARACTER_SET_RESULTS */;
/*!40101 SET @OLD_COLLATION_CONNECTION=@@COLLATION_CONNECTION */;
/*!50503 SET NAMES utf8mb4 */;
/*!40103 SET @OLD_TIME_ZONE=@@TIME_ZONE */;
/*!40103 SET TIME_ZONE='+00:00' */;
/*!40014 SET @OLD_UNIQUE_CHECKS=@@UNIQUE_CHECKS, UNIQUE_CHECKS=0 */;
/*!40014 SET @OLD_FOREIGN_KEY_CHECKS=@@FOREIGN_KEY_CHECKS, FOREIGN_KEY_CHECKS=0 */;
/*!40101 SET @OLD_SQL_MODE=@@SQL_MODE, SQL_MODE='NO_AUTO_VALUE_ON_ZERO' */;
/*!40111 SET @OLD_SQL_NOTES=@@SQL_NOTES, SQL_NOTES=0 */;

--
-- Table structure for table `communities`
--

DROP TABLE IF EXISTS `communities`;
/*!40101 SET @saved_cs_client     = @@character_set_client */;
/*!50503 SET character_set_client = utf8mb4 */;
CREATE TABLE `communities` (
  `id` int unsigned NOT NULL AUTO_INCREMENT COMMENT 'Идентификатор сроки',
  `name` varchar(150) CHARACTER SET utf8 COLLATE utf8_unicode_ci NOT NULL COMMENT 'Название группы',
  `created_at` datetime DEFAULT CURRENT_TIMESTAMP COMMENT 'Время создания строки',
  `updated_at` datetime DEFAULT CURRENT_TIMESTAMP ON UPDATE CURRENT_TIMESTAMP COMMENT 'Время обновления строки',
  PRIMARY KEY (`id`),
  UNIQUE KEY `name` (`name`)
) ENGINE=InnoDB AUTO_INCREMENT=101 DEFAULT CHARSET=utf8 COLLATE=utf8_unicode_ci COMMENT='Группы';
/*!40101 SET character_set_client = @saved_cs_client */;

--
-- Dumping data for table `communities`
--

LOCK TABLES `communities` WRITE;
/*!40000 ALTER TABLE `communities` DISABLE KEYS */;
INSERT INTO `communities` VALUES (1,'quia','2020-04-14 12:47:34','2020-07-28 21:32:55'),(2,'eveniet','2019-08-21 20:30:40','2020-06-12 15:39:51'),(3,'ut','2020-01-28 14:59:40','2020-07-28 21:32:55'),(4,'officiis','2020-05-12 01:03:55','2020-07-28 21:32:55'),(5,'et','2019-09-11 11:41:23','2020-01-12 03:10:49'),(6,'cumque','2019-10-17 14:39:20','2020-01-13 23:05:31'),(7,'libero','2020-03-05 10:45:31','2020-07-28 21:32:55'),(8,'fugit','2019-10-20 18:40:02','2020-07-28 21:32:55'),(9,'repellendus','2019-08-11 12:09:38','2020-01-06 09:07:19'),(10,'blanditiis','2019-12-21 02:27:43','2020-07-28 21:32:55'),(11,'enim','2020-01-02 10:32:18','2020-07-28 21:32:55'),(12,'autem','2019-08-13 22:16:00','2019-09-15 09:12:37'),(13,'iure','2019-10-11 04:33:23','2020-03-22 06:47:18'),(14,'corrupti','2020-06-16 13:46:39','2020-07-28 21:32:55'),(15,'voluptatem','2020-04-08 14:54:52','2020-06-02 16:56:43'),(16,'aut','2020-01-02 02:58:52','2020-07-28 21:32:55'),(17,'at','2020-06-02 15:36:28','2020-07-28 21:32:55'),(18,'debitis','2020-07-15 02:14:53','2020-07-28 21:32:55'),(19,'mollitia','2019-07-29 17:47:58','2020-07-24 15:02:29'),(20,'accusamus','2019-08-14 09:16:25','2019-12-06 18:32:02');
/*!40000 ALTER TABLE `communities` ENABLE KEYS */;
UNLOCK TABLES;

--
-- Table structure for table `communities_users`
--

DROP TABLE IF EXISTS `communities_users`;
/*!40101 SET @saved_cs_client     = @@character_set_client */;
/*!50503 SET character_set_client = utf8mb4 */;
CREATE TABLE `communities_users` (
  `community_id` int unsigned NOT NULL COMMENT 'Ссылка на группу',
  `user_id` int unsigned NOT NULL COMMENT 'Ссылка на пользователя',
  `created_at` datetime DEFAULT CURRENT_TIMESTAMP COMMENT 'Время создания строки',
  PRIMARY KEY (`community_id`,`user_id`) COMMENT 'Составной первичный ключ',
  KEY `communities_users_user_id_fk` (`user_id`),
  CONSTRAINT `communities_users_community_id_fk` FOREIGN KEY (`community_id`) REFERENCES `communities` (`id`),
  CONSTRAINT `communities_users_user_id_fk` FOREIGN KEY (`user_id`) REFERENCES `users` (`id`)
) ENGINE=InnoDB DEFAULT CHARSET=utf8 COLLATE=utf8_unicode_ci COMMENT='Участники групп, связь между пользователями и группами';
/*!40101 SET character_set_client = @saved_cs_client */;

--
-- Dumping data for table `communities_users`
--

LOCK TABLES `communities_users` WRITE;
/*!40000 ALTER TABLE `communities_users` DISABLE KEYS */;
INSERT INTO `communities_users` VALUES (1,2,'2002-08-19 17:48:22'),(1,40,'2007-10-27 09:00:53'),(2,21,'1982-03-26 10:11:33'),(2,34,'2010-11-16 22:02:07'),(2,37,'1983-10-24 12:40:39'),(3,23,'1972-06-19 04:03:38'),(3,24,'2007-08-13 22:21:40'),(3,71,'2015-09-23 16:11:10'),(3,75,'1985-02-15 15:03:53'),(3,78,'2018-01-25 16:09:57'),(3,79,'2012-09-21 10:27:36'),(3,83,'2008-01-07 07:50:09'),(4,3,'2009-01-21 12:41:54'),(4,45,'1977-05-21 16:03:47'),(4,54,'2006-04-20 17:13:24'),(4,77,'1985-06-15 09:31:44'),(4,85,'1975-08-27 07:47:46'),(5,61,'1974-09-08 01:28:30'),(5,87,'1972-07-10 16:44:45'),(5,95,'1975-08-24 10:38:44'),(5,96,'2014-03-18 19:43:33'),(6,18,'1977-12-26 03:10:00'),(6,43,'2019-02-19 19:09:33'),(6,49,'1973-12-23 04:17:28'),(6,55,'1991-07-01 00:35:48'),(6,80,'1991-05-01 23:54:45'),(6,88,'1980-06-19 15:13:45'),(7,25,'2001-07-12 12:07:49'),(7,26,'1997-05-26 00:11:35'),(7,30,'2006-08-19 13:35:34'),(7,41,'1986-09-21 00:53:34'),(7,58,'1990-04-04 15:25:36'),(7,84,'2007-08-31 03:29:11'),(7,98,'1995-07-16 17:50:34'),(8,10,'2000-12-13 05:40:56'),(8,31,'2017-11-25 16:10:22'),(8,33,'2014-01-13 20:37:14'),(8,35,'1992-07-21 07:49:39'),(8,38,'1988-08-20 07:25:30'),(8,57,'1984-03-18 21:29:16'),(9,9,'1984-03-26 07:55:24'),(9,29,'2002-07-04 11:47:26'),(9,42,'2014-03-20 06:32:40'),(9,62,'2007-06-11 11:44:20'),(9,73,'1998-07-10 21:27:12'),(9,97,'1993-07-23 09:58:54'),(10,13,'2015-11-24 20:06:41'),(10,22,'2009-07-30 18:00:32'),(10,27,'2001-01-04 08:43:18'),(10,59,'1987-10-08 12:20:50'),(10,67,'1996-06-20 23:33:03'),(11,60,'2007-03-19 10:47:45'),(11,64,'1996-09-15 11:36:36'),(11,69,'1990-09-02 23:56:03'),(11,99,'1991-05-31 11:39:24'),(12,11,'2020-01-02 15:38:42'),(12,28,'2006-10-11 21:47:33'),(12,63,'1982-06-17 14:14:09'),(12,66,'1994-03-21 20:10:42'),(12,68,'2005-05-17 14:18:00'),(12,100,'2005-08-27 19:15:51'),(13,15,'2017-08-06 08:18:45'),(13,20,'1990-10-27 07:51:15'),(13,36,'1989-01-23 04:46:29'),(13,39,'2011-12-23 12:29:40'),(13,91,'1976-02-07 06:29:46'),(14,93,'1981-02-21 15:55:45'),(14,94,'2013-11-14 19:41:12'),(15,7,'1988-11-27 13:32:04'),(15,19,'1988-11-02 18:34:07'),(15,52,'1998-01-22 21:26:36'),(15,89,'2011-07-24 03:40:24'),(16,16,'2018-12-31 05:42:18'),(16,48,'2016-05-14 13:31:55'),(16,72,'2016-09-29 10:27:35'),(16,82,'2014-08-10 13:06:17'),(16,90,'1980-07-16 04:07:08'),(17,14,'2011-10-10 16:20:09'),(17,56,'1990-07-25 02:06:39'),(17,65,'2007-08-11 00:15:17'),(18,6,'1991-08-30 17:59:07'),(18,12,'1980-10-13 00:12:51'),(18,32,'1976-08-17 00:36:41'),(18,46,'1992-02-13 20:31:34'),(18,47,'1987-07-19 21:42:03'),(18,53,'2003-04-20 01:33:54'),(18,74,'1971-07-03 12:54:19'),(18,76,'1977-03-01 01:49:10'),(19,4,'2008-12-10 20:51:03'),(19,5,'1974-06-16 15:15:01'),(19,8,'2006-05-28 08:16:44'),(19,17,'1992-01-22 05:57:27'),(19,50,'2009-02-21 10:54:07'),(19,51,'1999-08-20 15:38:09'),(19,81,'1999-03-30 15:43:29'),(19,92,'1981-05-18 06:49:17'),(20,1,'1995-10-15 10:11:34'),(20,44,'1997-12-03 22:59:27'),(20,70,'1988-10-05 21:03:42'),(20,86,'2003-11-29 00:47:58');
/*!40000 ALTER TABLE `communities_users` ENABLE KEYS */;
UNLOCK TABLES;

--
-- Table structure for table `friendship`
--

DROP TABLE IF EXISTS `friendship`;
/*!40101 SET @saved_cs_client     = @@character_set_client */;
/*!50503 SET character_set_client = utf8mb4 */;
CREATE TABLE `friendship` (
  `user_id` int unsigned NOT NULL COMMENT 'Ссылка на инициатора дружеских отношений',
  `friend_id` int unsigned NOT NULL COMMENT 'Ссылка на получателя приглашения дружить',
  `status_id` int unsigned NOT NULL COMMENT 'Ссылка на статус (текущее состояние) отношений',
  `requested_at` datetime DEFAULT CURRENT_TIMESTAMP COMMENT 'Время отправления приглашения дружить',
  `confirmed_at` datetime DEFAULT NULL COMMENT 'Время подтверждения приглашения',
  `created_at` datetime DEFAULT CURRENT_TIMESTAMP COMMENT 'Время создания строки',
  `updated_at` datetime DEFAULT CURRENT_TIMESTAMP ON UPDATE CURRENT_TIMESTAMP COMMENT 'Время обновления строки',
  PRIMARY KEY (`user_id`,`friend_id`) COMMENT 'Составной первичный ключ',
  KEY `friendship_friend_id_fk` (`friend_id`),
  KEY `friendship_status_id_fk` (`status_id`),
  CONSTRAINT `friendship_friend_id_fk` FOREIGN KEY (`friend_id`) REFERENCES `users` (`id`),
  CONSTRAINT `friendship_status_id_fk` FOREIGN KEY (`status_id`) REFERENCES `friendship_statuses` (`id`),
  CONSTRAINT `friendship_user_id_fk` FOREIGN KEY (`user_id`) REFERENCES `users` (`id`)
) ENGINE=InnoDB DEFAULT CHARSET=utf8 COLLATE=utf8_unicode_ci COMMENT='Таблица дружбы';
/*!40101 SET character_set_client = @saved_cs_client */;

--
-- Dumping data for table `friendship`
--

LOCK TABLES `friendship` WRITE;
/*!40000 ALTER TABLE `friendship` DISABLE KEYS */;
INSERT INTO `friendship` VALUES (3,29,1,'1990-05-26 04:59:01','2020-07-28 21:20:46','2009-09-02 20:02:16','2020-07-28 21:29:56'),(6,33,1,'1996-01-09 19:28:29','2010-03-11 20:51:14','1981-12-20 05:00:32','2020-07-28 21:29:56'),(7,64,2,'1993-01-23 04:51:32','2020-07-28 21:20:46','2020-07-18 19:02:10','2020-07-28 21:29:56'),(7,76,1,'2002-11-19 07:50:11','2020-07-28 21:20:46','1976-12-18 06:46:50','2020-07-28 21:29:56'),(9,88,1,'1996-10-30 14:25:55','2020-07-28 21:20:46','2009-12-10 11:18:06','2020-07-28 21:29:56'),(14,90,1,'1998-08-11 11:13:22','2020-07-28 21:20:46','2012-09-18 18:09:38','2020-07-28 21:29:56'),(20,1,3,'1996-06-08 18:16:40','2002-09-16 13:05:29','1976-11-28 12:21:51','2020-07-28 21:29:56'),(23,20,2,'2003-05-26 10:47:41','2020-07-28 21:20:46','2013-08-20 23:25:58','2020-07-28 21:29:56'),(23,27,1,'2018-10-19 20:43:55','2020-07-28 21:20:46','2003-10-27 13:11:47','2020-07-28 21:29:56'),(29,10,2,'1983-01-22 07:24:43','1987-03-27 02:15:59','2003-02-14 04:21:49','2020-07-28 21:29:56'),(29,62,2,'2014-08-16 06:14:01','2020-07-28 21:20:46','2000-04-25 15:51:56','2020-07-28 21:29:56'),(31,97,1,'2014-10-16 06:22:54','2020-07-28 21:20:46','2010-09-11 08:59:04','2020-07-28 21:29:56'),(36,93,3,'2003-05-23 05:40:02','2020-07-28 21:20:46','2014-08-18 21:11:37','2020-07-28 21:29:56'),(39,16,2,'1974-08-01 02:37:43','1997-08-29 05:11:01','2007-03-04 15:47:49','2020-07-28 21:23:34'),(39,85,3,'2020-05-19 06:04:10','2020-07-28 21:20:46','1993-02-18 18:39:21','2020-07-28 21:29:56'),(41,36,3,'1991-06-11 21:27:21','2020-07-28 21:20:46','2009-09-12 15:36:57','2020-07-28 21:29:56'),(43,1,3,'2004-05-13 08:03:31','2007-07-05 19:28:27','1993-05-30 19:21:13','2020-07-28 21:29:56'),(47,29,1,'1997-02-16 23:24:20','2020-07-28 21:20:46','1978-12-14 06:04:35','2020-07-28 21:29:56'),(48,37,1,'2019-08-13 13:48:33','2020-07-28 21:20:46','2012-07-24 17:08:56','2020-07-28 21:23:34'),(53,60,1,'2003-11-13 17:48:35','2020-07-28 21:20:46','1976-11-02 15:00:47','2020-07-28 21:23:34'),(55,98,3,'1984-06-02 22:55:52','2010-05-11 04:34:51','2000-10-31 16:57:15','2020-07-28 21:29:56'),(58,60,3,'2014-07-31 19:14:45','2020-07-28 21:20:46','1970-09-18 00:20:34','2020-07-28 21:29:56'),(62,60,2,'1995-10-21 19:28:21','2020-07-28 21:20:46','1981-02-01 16:20:03','2020-07-28 21:29:56'),(65,93,1,'1977-06-29 02:36:11','2009-07-08 15:38:39','1997-01-25 18:07:39','2020-07-28 21:23:34'),(69,61,3,'1978-03-30 14:51:28','1983-08-10 15:39:45','2001-11-09 06:52:53','2020-07-28 21:23:34'),(72,80,1,'1982-03-06 15:50:40','2003-07-13 02:10:17','2001-12-09 14:13:00','2020-07-28 21:29:56'),(74,86,3,'2001-12-03 18:13:37','2020-07-28 21:20:46','1985-07-01 18:13:25','2020-07-28 21:23:34'),(77,61,3,'2002-11-11 12:12:40','2020-07-28 21:20:46','2011-04-19 23:00:18','2020-07-28 21:29:56'),(78,84,1,'2013-05-24 00:52:43','2020-07-28 21:20:46','2006-08-29 03:03:53','2020-07-28 21:29:56'),(81,57,2,'1997-06-15 02:58:08','2004-06-17 05:53:58','1997-07-01 11:21:25','2020-07-28 21:29:56'),(81,67,2,'1992-11-14 23:26:03','2020-07-28 21:20:46','1980-03-27 07:40:16','2020-07-28 21:29:56'),(86,77,2,'1970-03-14 03:08:20','1990-12-17 08:23:18','2020-03-19 18:47:03','2020-07-28 21:29:56'),(87,8,2,'2004-07-23 05:52:51','2020-07-28 21:20:46','1970-07-22 07:41:04','2020-07-28 21:29:56'),(88,49,3,'1982-06-05 15:33:58','1984-03-29 08:10:00','1993-06-08 16:07:16','2020-07-28 21:23:34'),(88,51,1,'2010-11-29 02:47:12','2016-06-25 02:55:15','1996-05-08 10:01:40','2020-07-28 21:29:56'),(91,3,2,'1974-08-12 19:14:35','2004-12-08 21:37:40','1990-03-16 07:35:14','2020-07-28 21:29:56'),(91,53,1,'1993-01-16 16:17:55','2015-05-07 20:00:45','1983-05-26 11:26:35','2020-07-28 21:29:56'),(92,99,3,'1988-02-08 21:36:06','2020-07-28 21:20:46','1994-01-04 04:08:26','2020-07-28 21:29:56'),(96,99,2,'2003-12-12 04:26:07','2020-07-28 21:20:46','2020-06-26 10:46:02','2020-07-28 21:29:56'),(98,96,3,'1976-10-05 18:13:27','1999-09-25 19:37:31','1978-10-21 05:23:18','2020-07-28 21:29:56');
/*!40000 ALTER TABLE `friendship` ENABLE KEYS */;
UNLOCK TABLES;

--
-- Table structure for table `friendship_statuses`
--

DROP TABLE IF EXISTS `friendship_statuses`;
/*!40101 SET @saved_cs_client     = @@character_set_client */;
/*!50503 SET character_set_client = utf8mb4 */;
CREATE TABLE `friendship_statuses` (
  `id` int unsigned NOT NULL AUTO_INCREMENT COMMENT 'Идентификатор строки',
  `name` varchar(150) CHARACTER SET utf8 COLLATE utf8_unicode_ci NOT NULL COMMENT 'Название статуса',
  `created_at` datetime DEFAULT CURRENT_TIMESTAMP COMMENT 'Время создания строки',
  `updated_at` datetime DEFAULT CURRENT_TIMESTAMP ON UPDATE CURRENT_TIMESTAMP COMMENT 'Время обновления строки',
  PRIMARY KEY (`id`),
  UNIQUE KEY `name` (`name`)
) ENGINE=InnoDB AUTO_INCREMENT=4 DEFAULT CHARSET=utf8 COLLATE=utf8_unicode_ci COMMENT='Статусы дружбы';
/*!40101 SET character_set_client = @saved_cs_client */;

--
-- Dumping data for table `friendship_statuses`
--

LOCK TABLES `friendship_statuses` WRITE;
/*!40000 ALTER TABLE `friendship_statuses` DISABLE KEYS */;
INSERT INTO `friendship_statuses` VALUES (1,'requested','2020-07-28 21:28:19','2020-07-28 21:28:19'),(2,'confirmed','2020-07-28 21:28:19','2020-07-28 21:28:19'),(3,'rejected','2020-07-28 21:28:19','2020-07-28 21:28:19');
/*!40000 ALTER TABLE `friendship_statuses` ENABLE KEYS */;
UNLOCK TABLES;

--
-- Table structure for table `likes`
--

DROP TABLE IF EXISTS `likes`;
/*!40101 SET @saved_cs_client     = @@character_set_client */;
/*!50503 SET character_set_client = utf8mb4 */;
CREATE TABLE `likes` (
  `id` int unsigned NOT NULL AUTO_INCREMENT,
  `user_id` int unsigned NOT NULL,
  `target_id` int unsigned NOT NULL,
  `target_type_id` int unsigned NOT NULL,
  `created_at` datetime DEFAULT CURRENT_TIMESTAMP,
  PRIMARY KEY (`id`),
  KEY `likes_user_id_fk` (`user_id`),
  KEY `likes_target_type_id_fk` (`target_type_id`),
  CONSTRAINT `likes_target_type_id_fk` FOREIGN KEY (`target_type_id`) REFERENCES `target_types` (`id`),
  CONSTRAINT `likes_user_id_fk` FOREIGN KEY (`user_id`) REFERENCES `users` (`id`)
) ENGINE=InnoDB AUTO_INCREMENT=101 DEFAULT CHARSET=utf8mb4 COLLATE=utf8mb4_0900_ai_ci;
/*!40101 SET character_set_client = @saved_cs_client */;

--
-- Dumping data for table `likes`
--

LOCK TABLES `likes` WRITE;
/*!40000 ALTER TABLE `likes` DISABLE KEYS */;
INSERT INTO `likes` VALUES (1,12,79,3,'2020-08-06 15:29:21'),(2,30,13,3,'2020-08-06 15:29:21'),(3,44,30,1,'2020-08-06 15:29:21'),(4,47,28,4,'2020-08-06 15:29:21'),(5,39,48,1,'2020-08-06 15:29:21'),(6,68,5,1,'2020-08-06 15:29:21'),(7,11,88,1,'2020-08-06 15:29:21'),(8,47,90,1,'2020-08-06 15:29:21'),(9,94,51,3,'2020-08-06 15:29:21'),(10,30,97,4,'2020-08-06 15:29:21'),(11,80,86,4,'2020-08-06 15:29:21'),(12,25,32,4,'2020-08-06 15:29:21'),(13,52,71,4,'2020-08-06 15:29:21'),(14,35,15,3,'2020-08-06 15:29:21'),(15,93,35,4,'2020-08-06 15:29:21'),(16,83,11,1,'2020-08-06 15:29:21'),(17,81,19,3,'2020-08-06 15:29:21'),(18,80,8,4,'2020-08-06 15:29:21'),(19,21,8,4,'2020-08-06 15:29:21'),(20,50,92,1,'2020-08-06 15:29:21'),(21,80,41,3,'2020-08-06 15:29:21'),(22,97,35,4,'2020-08-06 15:29:21'),(23,89,76,1,'2020-08-06 15:29:21'),(24,70,45,1,'2020-08-06 15:29:21'),(25,99,7,2,'2020-08-06 15:29:21'),(26,77,51,2,'2020-08-06 15:29:21'),(27,78,100,3,'2020-08-06 15:29:21'),(28,33,70,3,'2020-08-06 15:29:21'),(29,87,25,3,'2020-08-06 15:29:21'),(30,76,38,3,'2020-08-06 15:29:21'),(31,49,3,3,'2020-08-06 15:29:21'),(32,7,88,1,'2020-08-06 15:29:21'),(33,13,18,2,'2020-08-06 15:29:21'),(34,25,59,1,'2020-08-06 15:29:21'),(35,20,62,2,'2020-08-06 15:29:21'),(36,27,37,1,'2020-08-06 15:29:21'),(37,16,23,3,'2020-08-06 15:29:21'),(38,38,68,1,'2020-08-06 15:29:21'),(39,56,67,3,'2020-08-06 15:29:21'),(40,79,34,2,'2020-08-06 15:29:21'),(41,88,54,1,'2020-08-06 15:29:21'),(42,76,76,3,'2020-08-06 15:29:21'),(43,50,76,2,'2020-08-06 15:29:21'),(44,36,71,2,'2020-08-06 15:29:21'),(45,1,96,4,'2020-08-06 15:29:21'),(46,13,50,1,'2020-08-06 15:29:21'),(47,78,48,1,'2020-08-06 15:29:21'),(48,18,77,2,'2020-08-06 15:29:21'),(49,92,59,1,'2020-08-06 15:29:21'),(50,50,95,1,'2020-08-06 15:29:21'),(51,59,97,1,'2020-08-06 15:29:21'),(52,1,73,3,'2020-08-06 15:29:21'),(53,96,90,3,'2020-08-06 15:29:21'),(54,39,8,1,'2020-08-06 15:29:21'),(55,34,10,2,'2020-08-06 15:29:21'),(56,18,98,2,'2020-08-06 15:29:21'),(57,55,70,4,'2020-08-06 15:29:21'),(58,12,62,3,'2020-08-06 15:29:21'),(59,93,79,1,'2020-08-06 15:29:21'),(60,12,8,1,'2020-08-06 15:29:21'),(61,39,20,4,'2020-08-06 15:29:21'),(62,78,59,3,'2020-08-06 15:29:21'),(63,21,11,4,'2020-08-06 15:29:21'),(64,4,61,4,'2020-08-06 15:29:21'),(65,36,67,2,'2020-08-06 15:29:21'),(66,33,81,1,'2020-08-06 15:29:21'),(67,69,12,3,'2020-08-06 15:29:21'),(68,40,38,3,'2020-08-06 15:29:21'),(69,74,91,2,'2020-08-06 15:29:21'),(70,69,51,2,'2020-08-06 15:29:21'),(71,32,72,3,'2020-08-06 15:29:21'),(72,98,78,4,'2020-08-06 15:29:21'),(73,42,67,1,'2020-08-06 15:29:21'),(74,30,32,3,'2020-08-06 15:29:21'),(75,85,53,1,'2020-08-06 15:29:21'),(76,10,30,1,'2020-08-06 15:29:21'),(77,51,10,4,'2020-08-06 15:29:21'),(78,66,12,3,'2020-08-06 15:29:21'),(79,25,67,3,'2020-08-06 15:29:21'),(80,16,23,3,'2020-08-06 15:29:21'),(81,7,47,1,'2020-08-06 15:29:21'),(82,56,83,2,'2020-08-06 15:29:21'),(83,64,42,1,'2020-08-06 15:29:21'),(84,84,98,2,'2020-08-06 15:29:21'),(85,19,22,3,'2020-08-06 15:29:21'),(86,55,79,2,'2020-08-06 15:29:21'),(87,9,76,3,'2020-08-06 15:29:21'),(88,96,65,2,'2020-08-06 15:29:21'),(89,34,28,2,'2020-08-06 15:29:21'),(90,23,22,2,'2020-08-06 15:29:21'),(91,13,29,1,'2020-08-06 15:29:21'),(92,49,19,2,'2020-08-06 15:29:21'),(93,9,48,1,'2020-08-06 15:29:21'),(94,13,100,3,'2020-08-06 15:29:21'),(95,76,85,4,'2020-08-06 15:29:21'),(96,94,22,1,'2020-08-06 15:29:21'),(97,84,95,1,'2020-08-06 15:29:21'),(98,96,30,3,'2020-08-06 15:29:21'),(99,79,80,3,'2020-08-06 15:29:21'),(100,36,64,1,'2020-08-06 15:29:21');
/*!40000 ALTER TABLE `likes` ENABLE KEYS */;
UNLOCK TABLES;

--
-- Table structure for table `media`
--

DROP TABLE IF EXISTS `media`;
/*!40101 SET @saved_cs_client     = @@character_set_client */;
/*!50503 SET character_set_client = utf8mb4 */;
CREATE TABLE `media` (
  `id` int unsigned NOT NULL AUTO_INCREMENT COMMENT 'Идентификатор строки',
  `user_id` int unsigned NOT NULL COMMENT 'Ссылка на пользователя, который загрузил файл',
  `filename` varchar(255) CHARACTER SET utf8 COLLATE utf8_unicode_ci NOT NULL COMMENT 'Путь к файлу',
  `size` int NOT NULL COMMENT 'Размер файла',
  `metadata` json DEFAULT NULL,
  `media_type_id` int unsigned NOT NULL COMMENT 'Ссылка на тип контента',
  `created_at` datetime DEFAULT CURRENT_TIMESTAMP COMMENT 'Время создания строки',
  `updated_at` datetime DEFAULT CURRENT_TIMESTAMP ON UPDATE CURRENT_TIMESTAMP COMMENT 'Время обновления строки',
  PRIMARY KEY (`id`),
  KEY `media_user_id_fk` (`user_id`),
  KEY `media_media_type_id_fk` (`media_type_id`),
  CONSTRAINT `media_media_type_id_fk` FOREIGN KEY (`media_type_id`) REFERENCES `media_types` (`id`),
  CONSTRAINT `media_user_id_fk` FOREIGN KEY (`user_id`) REFERENCES `users` (`id`)
) ENGINE=InnoDB AUTO_INCREMENT=101 DEFAULT CHARSET=utf8 COLLATE=utf8_unicode_ci COMMENT='Медиафайлы';
/*!40101 SET character_set_client = @saved_cs_client */;

--
-- Dumping data for table `media`
--

LOCK TABLES `media` WRITE;
/*!40000 ALTER TABLE `media` DISABLE KEYS */;
INSERT INTO `media` VALUES (1,83,'https://vk.com/corrupti.mp3',9946924,'{\"owner\": \"Germaine Gibson\"}',2,'1963-06-23 20:21:41','2020-07-28 21:14:17'),(2,67,'https://vk.com/tempora.mp3',485968,'{\"owner\": \"Jesse Hartmann\"}',4,'2001-01-30 04:08:24','2020-07-28 21:14:17'),(3,86,'https://vk.com/officia.mp4',66729047,'{\"owner\": \"Serena Ferry\"}',4,'1978-01-16 09:58:44','2020-07-28 21:14:17'),(4,29,'https://vk.com/quisquam.mp3',64032456,'{\"owner\": \"Mitchell Ledner\"}',1,'1949-02-07 10:40:07','2020-07-28 21:14:17'),(5,85,'https://vk.com/sed.jpg',32329,'{\"owner\": \"Rodrick Thompson\"}',2,'1933-11-13 13:31:28','2020-07-28 21:14:17'),(6,36,'https://vk.com/illum.mp4',6411170,'{\"owner\": \"Filiberto Effertz\"}',1,'2019-05-09 20:02:00','2020-07-28 21:14:17'),(7,26,'https://vk.com/omnis.mp3',845968,'{\"owner\": \"Ephraim Spencer\"}',3,'1939-08-12 15:32:12','2020-07-28 21:14:17'),(8,21,'https://vk.com/fugit.mov',903906,'{\"owner\": \"Beulah Kohler\"}',2,'1940-10-03 11:00:39','2020-07-28 21:14:17'),(9,28,'https://vk.com/nulla.mov',76467,'{\"owner\": \"Allan Kilback\"}',4,'1949-10-15 17:34:54','2020-07-28 21:14:17'),(10,76,'https://vk.com/sint.mp4',84346,'{\"owner\": \"Moriah Crist\"}',3,'2007-08-21 14:15:40','2020-07-28 21:14:17'),(11,95,'https://vk.com/consequuntur.mp3',9315437,'{\"owner\": \"Gennaro Nitzsche\"}',3,'1952-08-03 14:00:52','2020-07-28 21:14:17'),(12,48,'https://vk.com/voluptate.mov',490058446,'{\"owner\": \"Garry Koelpin\"}',4,'1953-11-13 23:23:16','2020-07-28 21:14:17'),(13,55,'https://vk.com/consequuntur.mov',5312,'{\"owner\": \"Madisen Bergnaum\"}',2,'1942-06-20 12:13:15','2020-07-28 21:14:17'),(14,31,'https://vk.com/enim.jpg',560952402,'{\"owner\": \"Horacio Morar\"}',3,'2005-10-24 12:05:31','2020-07-28 21:14:17'),(15,88,'https://vk.com/autem.mov',56245454,'{\"owner\": \"Dandre Parker\"}',1,'1982-09-28 12:26:02','2020-07-28 21:14:17'),(16,46,'https://vk.com/quaerat.mp4',7612548,'{\"owner\": \"Viola Pagac\"}',1,'2004-03-08 02:38:48','2020-07-28 21:14:17'),(17,66,'https://vk.com/aut.mp3',92333999,'{\"owner\": \"Shanon Gorczany\"}',2,'1981-04-05 05:13:32','2020-07-28 21:14:17'),(18,90,'https://vk.com/temporibus.mp4',2931014,'{\"owner\": \"Nolan Swaniawski\"}',4,'2006-03-24 12:33:06','2020-07-28 21:14:17'),(19,53,'https://vk.com/ut.mp3',94628340,'{\"owner\": \"Nicholas Dare\"}',4,'2016-12-03 16:19:51','2020-07-28 21:14:17'),(20,95,'https://vk.com/non.mp4',91330,'{\"owner\": \"Gennaro Nitzsche\"}',3,'2014-06-04 15:50:56','2020-07-28 21:14:17'),(21,17,'https://vk.com/ad.mp3',58194901,'{\"owner\": \"Gisselle Zulauf\"}',1,'2019-12-11 17:54:03','2020-07-28 21:14:17'),(22,97,'https://vk.com/et.jpg',2611,'{\"owner\": \"Lionel Denesik\"}',2,'1990-05-02 14:00:29','2020-07-28 21:14:17'),(23,35,'https://vk.com/et.mov',576432,'{\"owner\": \"Erich Bashirian\"}',4,'1998-03-03 21:21:33','2020-07-28 21:14:17'),(24,84,'https://vk.com/vel.mov',617962431,'{\"owner\": \"Amos Weissnat\"}',3,'1937-07-19 12:07:24','2020-07-28 21:14:17'),(25,12,'https://vk.com/unde.mp4',93720,'{\"owner\": \"Pearline Crist\"}',4,'1979-05-15 23:22:20','2020-07-28 21:14:17'),(26,9,'https://vk.com/saepe.mp4',2434,'{\"owner\": \"Daisy Cremin\"}',1,'1947-05-14 17:51:43','2020-07-28 21:14:17'),(27,10,'https://vk.com/et.jpg',38068,'{\"owner\": \"Maynard Eichmann\"}',1,'1966-06-08 17:24:46','2020-07-28 21:14:17'),(28,20,'https://vk.com/cumque.jpg',9760368,'{\"owner\": \"Leatha Reilly\"}',1,'2015-09-21 07:49:56','2020-07-28 21:14:17'),(29,69,'https://vk.com/qui.mp3',81508,'{\"owner\": \"Timothy Howell\"}',1,'1951-02-20 19:05:29','2020-07-28 21:14:17'),(30,84,'https://vk.com/non.mp4',90724,'{\"owner\": \"Amos Weissnat\"}',4,'1943-01-11 23:58:32','2020-07-28 21:14:17'),(31,12,'https://vk.com/sit.mp4',31282807,'{\"owner\": \"Pearline Crist\"}',1,'1995-01-28 21:08:09','2020-07-28 21:14:17'),(32,11,'https://vk.com/soluta.jpg',92337,'{\"owner\": \"Bernadette Orn\"}',1,'2001-09-12 01:24:58','2020-07-28 21:14:17'),(33,16,'https://vk.com/vero.mov',16161,'{\"owner\": \"Archibald Labadie\"}',2,'2014-08-31 03:23:55','2020-07-28 21:14:17'),(34,45,'https://vk.com/accusamus.mov',9447826,'{\"owner\": \"Camren Zulauf\"}',3,'1932-09-23 09:38:26','2020-07-28 21:14:17'),(35,79,'https://vk.com/reprehenderit.mp4',969315,'{\"owner\": \"Troy Ryan\"}',3,'2002-04-16 06:54:00','2020-07-28 21:14:17'),(36,61,'https://vk.com/sint.jpg',2794,'{\"owner\": \"Amparo Leffler\"}',4,'1987-06-18 19:41:20','2020-07-28 21:14:17'),(37,65,'https://vk.com/at.jpg',740680573,'{\"owner\": \"Keven Bashirian\"}',2,'1926-06-06 06:33:11','2020-07-28 21:14:17'),(38,41,'https://vk.com/eaque.mov',64486,'{\"owner\": \"Demetris Zulauf\"}',3,'1961-07-29 05:10:37','2020-07-28 21:14:17'),(39,10,'https://vk.com/quis.jpg',785724684,'{\"owner\": \"Maynard Eichmann\"}',1,'2020-03-15 13:46:01','2020-07-28 21:14:17'),(40,27,'https://vk.com/hic.mov',412681615,'{\"owner\": \"Lon Weimann\"}',2,'1992-02-29 12:16:18','2020-07-28 21:14:17'),(41,3,'https://vk.com/harum.mp3',79643,'{\"owner\": \"Marcia Bartoletti\"}',1,'1959-01-14 23:46:44','2020-07-28 21:14:17'),(42,34,'https://vk.com/ut.mp3',13050,'{\"owner\": \"Gladyce Bergstrom\"}',3,'2005-07-22 03:32:46','2020-07-28 21:14:17'),(43,60,'https://vk.com/autem.jpg',764960771,'{\"owner\": \"Kaylah Medhurst\"}',2,'1951-02-15 13:06:45','2020-07-28 21:14:17'),(44,98,'https://vk.com/ut.jpg',6607131,'{\"owner\": \"Ryder Dicki\"}',4,'2018-08-14 10:37:08','2020-07-28 21:14:17'),(45,10,'https://vk.com/odit.mp4',95152,'{\"owner\": \"Maynard Eichmann\"}',2,'1922-09-07 16:51:44','2020-07-28 21:14:17'),(46,55,'https://vk.com/quia.mov',5349,'{\"owner\": \"Madisen Bergnaum\"}',3,'1949-06-13 22:43:14','2020-07-28 21:14:17'),(47,45,'https://vk.com/sunt.jpg',94724754,'{\"owner\": \"Camren Zulauf\"}',2,'2009-10-06 01:03:57','2020-07-28 21:14:17'),(48,60,'https://vk.com/cum.mov',70790,'{\"owner\": \"Kaylah Medhurst\"}',3,'1960-06-10 00:30:11','2020-07-28 21:14:17'),(49,62,'https://vk.com/et.mp3',13804,'{\"owner\": \"Carolyn Harvey\"}',2,'1983-03-12 18:21:35','2020-07-28 21:14:17'),(50,32,'https://vk.com/odit.mov',42267811,'{\"owner\": \"Lexus Becker\"}',4,'1922-02-02 14:56:43','2020-07-28 21:14:17'),(51,75,'https://vk.com/natus.mp3',55648,'{\"owner\": \"Colten Harris\"}',2,'1982-02-26 16:41:05','2020-07-28 21:14:17'),(52,76,'https://vk.com/accusantium.jpg',35830,'{\"owner\": \"Moriah Crist\"}',2,'1995-05-15 23:18:02','2020-07-28 21:14:17'),(53,55,'https://vk.com/quia.mov',11204,'{\"owner\": \"Madisen Bergnaum\"}',4,'1972-09-20 14:53:41','2020-07-28 21:14:17'),(54,45,'https://vk.com/dolorem.mp3',47532,'{\"owner\": \"Camren Zulauf\"}',4,'1995-10-26 10:49:21','2020-07-28 21:14:17'),(55,62,'https://vk.com/nam.jpg',75901498,'{\"owner\": \"Carolyn Harvey\"}',1,'2020-06-10 07:32:34','2020-07-28 21:14:17'),(56,73,'https://vk.com/amet.mp4',5008,'{\"owner\": \"Heaven Fadel\"}',3,'1985-07-01 22:15:17','2020-07-28 21:14:17'),(57,77,'https://vk.com/ipsa.jpg',36601,'{\"owner\": \"Dillan Hackett\"}',1,'1944-10-04 17:59:02','2020-07-28 21:14:17'),(58,66,'https://vk.com/voluptatem.mov',3049,'{\"owner\": \"Shanon Gorczany\"}',2,'1963-07-05 19:31:59','2020-07-28 21:14:17'),(59,99,'https://vk.com/ex.mov',13831,'{\"owner\": \"Maudie Wyman\"}',2,'1932-01-17 02:33:13','2020-07-28 21:14:17'),(60,98,'https://vk.com/optio.jpg',13690263,'{\"owner\": \"Ryder Dicki\"}',4,'1995-11-19 22:48:09','2020-07-28 21:14:17'),(61,94,'https://vk.com/quisquam.mov',71647,'{\"owner\": \"Justyn Rowe\"}',1,'1983-02-08 03:58:49','2020-07-28 21:14:17'),(62,72,'https://vk.com/nulla.mp4',48090,'{\"owner\": \"Ricardo Schneider\"}',1,'1970-06-22 11:04:24','2020-07-28 21:14:17'),(63,77,'https://vk.com/corrupti.jpg',24510,'{\"owner\": \"Dillan Hackett\"}',4,'1978-12-12 11:33:38','2020-07-28 21:14:17'),(64,71,'https://vk.com/natus.mp4',1147736,'{\"owner\": \"Dennis Lockman\"}',4,'1997-11-24 09:16:18','2020-07-28 21:14:17'),(65,21,'https://vk.com/dolores.mp3',102672298,'{\"owner\": \"Beulah Kohler\"}',1,'1957-03-17 21:48:12','2020-07-28 21:14:17'),(66,92,'https://vk.com/sint.mp3',14325443,'{\"owner\": \"Grover Lesch\"}',1,'1955-08-04 10:42:30','2020-07-28 21:14:17'),(67,99,'https://vk.com/illo.mp3',5361141,'{\"owner\": \"Maudie Wyman\"}',4,'1975-06-04 13:50:31','2020-07-28 21:14:17'),(68,17,'https://vk.com/quidem.jpg',33742,'{\"owner\": \"Gisselle Zulauf\"}',4,'2015-12-20 22:55:02','2020-07-28 21:14:17'),(69,86,'https://vk.com/harum.mov',77280,'{\"owner\": \"Serena Ferry\"}',3,'1935-06-19 02:29:08','2020-07-28 21:14:17'),(70,80,'https://vk.com/cum.mp3',11870,'{\"owner\": \"Ruben Kub\"}',1,'1970-09-25 21:41:40','2020-07-28 21:14:17'),(71,39,'https://vk.com/voluptas.mp3',26510,'{\"owner\": \"Yasmin Kiehn\"}',3,'1935-06-13 14:50:13','2020-07-28 21:14:17'),(72,57,'https://vk.com/reiciendis.mov',4575,'{\"owner\": \"Oma Cormier\"}',4,'2006-06-19 20:57:34','2020-07-28 21:14:17'),(73,66,'https://vk.com/quis.mp4',39199,'{\"owner\": \"Shanon Gorczany\"}',2,'1956-10-31 10:19:56','2020-07-28 21:14:17'),(74,58,'https://vk.com/iste.mp3',64849697,'{\"owner\": \"Benny Hagenes\"}',2,'1964-06-03 18:37:45','2020-07-28 21:14:17'),(75,91,'https://vk.com/ut.mov',2684,'{\"owner\": \"Mikel Lemke\"}',3,'1925-03-10 19:41:06','2020-07-28 21:14:17'),(76,82,'https://vk.com/ex.jpg',171311994,'{\"owner\": \"Cecelia Ratke\"}',3,'1951-06-04 04:04:40','2020-07-28 21:14:17'),(77,37,'https://vk.com/qui.mov',74893,'{\"owner\": \"Arvid Welch\"}',1,'1975-01-13 21:59:37','2020-07-28 21:14:17'),(78,38,'https://vk.com/placeat.mp4',95943,'{\"owner\": \"Wilfredo Funk\"}',3,'1944-09-28 22:12:10','2020-07-28 21:14:17'),(79,79,'https://vk.com/voluptatum.mp4',50074740,'{\"owner\": \"Troy Ryan\"}',4,'1947-05-03 21:12:09','2020-07-28 21:14:17'),(80,79,'https://vk.com/et.mp3',1914114,'{\"owner\": \"Troy Ryan\"}',3,'1934-09-22 00:54:33','2020-07-28 21:14:17'),(81,57,'https://vk.com/occaecati.mp4',32915093,'{\"owner\": \"Oma Cormier\"}',2,'1954-12-24 07:43:24','2020-07-28 21:14:17'),(82,47,'https://vk.com/suscipit.mov',99183,'{\"owner\": \"Kristy Kub\"}',4,'2009-09-25 14:34:33','2020-07-28 21:14:17'),(83,63,'https://vk.com/libero.mp4',18946,'{\"owner\": \"Arnulfo Johns\"}',4,'1978-09-24 20:52:39','2020-07-28 21:14:17'),(84,74,'https://vk.com/quos.mov',7086,'{\"owner\": \"Kassandra Hermiston\"}',4,'1948-12-20 05:03:01','2020-07-28 21:14:17'),(85,79,'https://vk.com/dolorem.mp4',2590,'{\"owner\": \"Troy Ryan\"}',1,'1974-10-09 08:31:13','2020-07-28 21:14:17'),(86,75,'https://vk.com/laboriosam.mp3',4854559,'{\"owner\": \"Colten Harris\"}',2,'1956-04-08 08:10:04','2020-07-28 21:14:17'),(87,35,'https://vk.com/sit.mp3',8662598,'{\"owner\": \"Erich Bashirian\"}',1,'1956-07-29 01:42:12','2020-07-28 21:14:17'),(88,52,'https://vk.com/cumque.mp3',380267,'{\"owner\": \"Lyla Mante\"}',3,'1978-01-21 21:39:00','2020-07-28 21:14:17'),(89,55,'https://vk.com/ut.mov',36883,'{\"owner\": \"Madisen Bergnaum\"}',4,'1933-04-23 05:43:32','2020-07-28 21:14:17'),(90,19,'https://vk.com/ipsa.mp3',9526032,'{\"owner\": \"Arnoldo Shanahan\"}',3,'1967-06-28 00:48:34','2020-07-28 21:14:17'),(91,29,'https://vk.com/rem.mp4',18748643,'{\"owner\": \"Mitchell Ledner\"}',3,'2012-02-19 22:34:46','2020-07-28 21:14:17'),(92,86,'https://vk.com/hic.mp4',1650480,'{\"owner\": \"Serena Ferry\"}',1,'1957-08-21 17:30:52','2020-07-28 21:14:17'),(93,42,'https://vk.com/ea.mp4',62156,'{\"owner\": \"Milo Collier\"}',2,'1988-03-14 06:27:04','2020-07-28 21:14:17'),(94,52,'https://vk.com/ducimus.mov',6933,'{\"owner\": \"Lyla Mante\"}',2,'1997-07-15 13:36:33','2020-07-28 21:14:17'),(95,35,'https://vk.com/voluptas.mp4',99133,'{\"owner\": \"Erich Bashirian\"}',4,'1963-01-03 06:51:01','2020-07-28 21:14:17'),(96,18,'https://vk.com/fugiat.jpg',51650,'{\"owner\": \"Marquise Hackett\"}',4,'1970-07-11 00:24:13','2020-07-28 21:14:17'),(97,85,'https://vk.com/ratione.mp3',8199,'{\"owner\": \"Rodrick Thompson\"}',2,'1949-07-25 19:04:31','2020-07-28 21:14:17'),(98,69,'https://vk.com/repellat.mp3',56973691,'{\"owner\": \"Timothy Howell\"}',4,'1988-08-12 11:40:00','2020-07-28 21:14:17'),(99,89,'https://vk.com/dolorem.mp3',69193,'{\"owner\": \"Oran Buckridge\"}',4,'1926-05-18 00:10:22','2020-07-28 21:14:17'),(100,40,'https://vk.com/dolore.mp3',42594,'{\"owner\": \"Era Bernhard\"}',2,'1986-04-04 12:28:32','2020-07-28 21:14:17');
/*!40000 ALTER TABLE `media` ENABLE KEYS */;
UNLOCK TABLES;

--
-- Table structure for table `media_types`
--

DROP TABLE IF EXISTS `media_types`;
/*!40101 SET @saved_cs_client     = @@character_set_client */;
/*!50503 SET character_set_client = utf8mb4 */;
CREATE TABLE `media_types` (
  `id` int unsigned NOT NULL AUTO_INCREMENT COMMENT 'Идентификатор строки',
  `name` varchar(255) CHARACTER SET utf8 COLLATE utf8_unicode_ci NOT NULL COMMENT 'Название типа',
  `created_at` datetime DEFAULT CURRENT_TIMESTAMP COMMENT 'Время создания строки',
  `updated_at` datetime DEFAULT CURRENT_TIMESTAMP ON UPDATE CURRENT_TIMESTAMP COMMENT 'Время обновления строки',
  PRIMARY KEY (`id`),
  UNIQUE KEY `name` (`name`)
) ENGINE=InnoDB AUTO_INCREMENT=5 DEFAULT CHARSET=utf8 COLLATE=utf8_unicode_ci COMMENT='Типы медиафайлов';
/*!40101 SET character_set_client = @saved_cs_client */;

--
-- Dumping data for table `media_types`
--

LOCK TABLES `media_types` WRITE;
/*!40000 ALTER TABLE `media_types` DISABLE KEYS */;
INSERT INTO `media_types` VALUES (1,'photo','2020-07-28 19:49:51','2020-07-28 19:49:51'),(2,'video','2020-07-28 19:49:51','2020-07-28 19:49:51'),(3,'text','2020-07-28 19:49:51','2020-07-28 19:49:51'),(4,'audio','2020-07-28 19:49:51','2020-07-28 19:49:51');
/*!40000 ALTER TABLE `media_types` ENABLE KEYS */;
UNLOCK TABLES;

--
-- Table structure for table `messages`
--

DROP TABLE IF EXISTS `messages`;
/*!40101 SET @saved_cs_client     = @@character_set_client */;
/*!50503 SET character_set_client = utf8mb4 */;
CREATE TABLE `messages` (
  `id` int unsigned NOT NULL AUTO_INCREMENT COMMENT 'Идентификатор строки',
  `from_user_id` int unsigned NOT NULL COMMENT 'Ссылка на отправителя сообщения',
  `to_user_id` int unsigned NOT NULL COMMENT 'Ссылка на получателя сообщения',
  `body` text CHARACTER SET utf8 COLLATE utf8_unicode_ci NOT NULL COMMENT 'Текст сообщения',
  `is_important` tinyint(1) DEFAULT NULL COMMENT 'Признак важности',
  `is_delivered` tinyint(1) DEFAULT NULL COMMENT 'Признак доставки',
  `created_at` datetime DEFAULT CURRENT_TIMESTAMP COMMENT 'Время создания строки',
  `updated_at` datetime DEFAULT CURRENT_TIMESTAMP ON UPDATE CURRENT_TIMESTAMP COMMENT 'Время обновления строки',
  PRIMARY KEY (`id`),
  KEY `messages_from_user_id_fk` (`from_user_id`),
  KEY `messages_to_user_id_fk` (`to_user_id`),
  CONSTRAINT `messages_from_user_id_fk` FOREIGN KEY (`from_user_id`) REFERENCES `users` (`id`),
  CONSTRAINT `messages_to_user_id_fk` FOREIGN KEY (`to_user_id`) REFERENCES `users` (`id`)
) ENGINE=InnoDB AUTO_INCREMENT=101 DEFAULT CHARSET=utf8 COLLATE=utf8_unicode_ci COMMENT='Сообщения';
/*!40101 SET character_set_client = @saved_cs_client */;

--
-- Dumping data for table `messages`
--

LOCK TABLES `messages` WRITE;
/*!40000 ALTER TABLE `messages` DISABLE KEYS */;
INSERT INTO `messages` VALUES (1,10,87,'Rerum illum ducimus aut. Perspiciatis ut enim excepturi officiis ut labore eius. Rem qui qui officia quia molestias. Dolorum reiciendis quibusdam consectetur iste.',0,0,'1994-05-22 21:39:50','2020-07-28 19:13:00'),(2,4,61,'Nobis fugiat occaecati fuga ipsam non nobis. Et possimus occaecati beatae eum. Enim sit quis aut adipisci. Illum sed blanditiis ab rerum qui ad delectus.',0,0,'1983-10-05 08:30:58','2020-07-28 19:13:00'),(3,90,66,'Repellat vel voluptatem qui animi. Consequatur officiis temporibus rerum autem. Voluptates repellat soluta ullam necessitatibus. Id rerum deleniti possimus error quo magni.',0,1,'1970-03-26 19:41:20','2020-07-28 19:13:00'),(4,60,1,'Et voluptatem molestias veniam adipisci optio non saepe id. Mollitia et eos est enim. Non id dolorem non reiciendis labore est et. Ratione iste quia totam veritatis blanditiis doloremque corrupti.',1,0,'1970-09-12 20:13:27','2020-07-28 19:13:00'),(5,26,26,'Consectetur est quia omnis illo nihil iure numquam. Quia fuga quam laudantium ad. Autem quasi inventore et aliquam culpa maiores. Et rerum eaque ullam voluptates amet.',1,0,'2016-07-01 04:51:50','2020-07-28 19:13:00'),(6,53,86,'Enim eos eligendi vero aliquam fugiat sapiente dolores. Sit soluta ea doloribus nam nisi. Incidunt non rerum vero eos beatae fugit fugiat.',0,0,'2019-08-30 15:59:06','2020-07-28 19:13:00'),(7,69,88,'Atque est ut quo consectetur possimus ipsa dolor. Sint officia ut vitae eum. Voluptatibus in quos est quis similique error.',0,0,'2015-03-31 18:27:30','2020-07-28 19:13:00'),(8,32,96,'Impedit nihil corrupti reiciendis perferendis. Ipsa sed vel placeat velit eveniet. Amet nihil autem molestias et.',0,0,'2006-09-17 21:50:47','2020-07-28 19:13:00'),(9,84,32,'Eaque aspernatur distinctio illum quia. Autem est doloremque ea id eum. Hic laborum fuga omnis et. Ut id fugit nostrum illum.',0,1,'2011-09-23 08:07:31','2020-07-28 19:13:00'),(10,6,35,'Est qui dolore porro quia aperiam. Quis est et alias eligendi. Rerum laudantium similique architecto quas.',0,0,'1985-03-06 04:55:43','2020-07-28 19:13:00'),(11,57,77,'Itaque fugiat facilis sit deserunt eum. Vel nulla id voluptate et perspiciatis. Magni omnis numquam adipisci.',0,1,'1985-04-25 19:05:30','2020-07-28 19:13:00'),(12,15,45,'Ex dolorem quisquam tempore ut ea dolorem ut. Eum molestiae vel minima qui provident nisi quas. Est molestias eum cupiditate architecto aut illum. Suscipit neque id beatae voluptatem occaecati.',0,0,'1979-01-31 01:33:25','2020-07-28 19:13:00'),(13,77,49,'Quisquam aperiam aut quas consequatur cumque. Cumque vel non dolore molestias voluptas necessitatibus.',0,1,'2002-09-12 08:06:15','2020-07-28 19:13:00'),(14,16,34,'Quasi quo nam possimus quis. Quos dolor nesciunt et ipsa repudiandae.',0,1,'2000-10-01 07:45:31','2020-07-28 19:13:00'),(15,18,87,'Doloribus rerum tenetur quasi nobis. Amet eos ut laborum velit ea ea non. Est laudantium ipsa accusantium ducimus velit.',0,1,'1995-12-25 22:55:20','2020-07-28 19:13:00'),(16,83,52,'Dolores voluptatibus libero nisi quisquam. Ratione in eaque autem quia dolores est quaerat.',1,1,'2018-11-10 17:19:24','2020-07-28 19:13:00'),(17,9,89,'Quaerat cumque ad aliquid quia aut. Ut aut dicta nostrum aut eum quia aut. Ipsam fugiat dignissimos eum mollitia. Voluptatem eius beatae enim voluptatem optio aut.',1,0,'2013-03-21 16:07:38','2020-07-28 19:13:00'),(18,18,21,'Ut nemo natus vel non. Maxime error itaque ipsam cupiditate expedita voluptate rerum. Dolore dolorem ab rerum eligendi placeat. Sed laborum blanditiis voluptatem et eligendi nobis possimus.',0,1,'2008-02-24 03:25:33','2020-07-28 19:13:00'),(19,50,86,'Et quo et velit alias debitis. Unde nemo dignissimos vel velit occaecati. Quas tenetur quia est repellat suscipit qui quae ipsum. Labore consequatur sapiente libero ex esse.',1,0,'1994-05-05 00:14:19','2020-07-28 19:13:00'),(20,79,38,'Minus enim qui optio tenetur dicta dolorum voluptatem. Quibusdam corrupti error atque maiores est doloremque nihil. Quaerat rerum ex explicabo sequi et.',1,0,'1984-12-25 07:51:07','2020-07-28 19:13:00'),(21,53,51,'Esse neque praesentium rerum quae earum. Dignissimos tempore odio omnis vero error laudantium.\nOptio iste aut ut eaque porro ipsa id. Et est excepturi deserunt delectus omnis omnis eos.',0,0,'1984-11-01 03:12:06','2020-07-28 19:13:00'),(22,97,30,'Tempore nam atque omnis dolorem aut. Quo aut distinctio eligendi dolores occaecati. Qui blanditiis nobis error. Aut dolorum voluptas laboriosam consequatur.',0,1,'1977-02-22 05:17:07','2020-07-28 19:13:00'),(23,57,95,'Quas aliquam omnis eos quam ut cum aliquam. Cum et fuga praesentium iste rerum iste nihil. Error delectus sint velit deserunt reprehenderit voluptas. Non fuga aliquam quo aut quis.',0,0,'1970-04-20 05:42:10','2020-07-28 19:13:00'),(24,3,32,'Laboriosam molestias et minus sed sunt qui labore. Tempore sint perferendis unde quaerat. Voluptatibus porro numquam et nobis sit. Eaque quam sit expedita aut facere exercitationem.',0,1,'2014-07-14 15:52:33','2020-07-28 19:13:00'),(25,48,45,'Minima vel laborum veritatis. Nemo aut quis velit consequatur. Sint nobis aliquid laborum ipsum ipsa. Excepturi veniam dicta repellendus.',1,1,'1992-09-05 18:09:44','2020-07-28 19:13:00'),(26,79,61,'Aut impedit id eos et perferendis molestias eligendi. Assumenda cumque eos at cum. Perspiciatis itaque est vel doloribus quisquam.',1,1,'1977-07-15 21:40:21','2020-07-28 19:13:00'),(27,68,57,'Maxime debitis modi rerum nihil doloribus aut. Ipsam eius est amet rerum dolore alias. Delectus sed cupiditate eum modi.',0,0,'1987-11-08 15:43:20','2020-07-28 19:13:00'),(28,78,19,'Explicabo numquam incidunt velit sunt id odit. Distinctio corrupti nam voluptatum. Eius enim non voluptatibus nobis sit sequi. Eaque rem illum corrupti itaque eos.',1,0,'2000-06-01 07:28:04','2020-07-28 19:13:00'),(29,61,46,'Ut incidunt nemo blanditiis laudantium ut praesentium. Amet illo esse repellendus. Voluptates quod voluptatem pariatur iusto aut.',1,0,'1984-10-16 02:04:18','2020-07-28 19:13:00'),(30,47,96,'Quia occaecati cumque praesentium ipsum facere tenetur. Repellendus architecto voluptatem rerum quas qui aperiam pariatur.',1,0,'2010-10-20 08:17:30','2020-07-28 19:13:00'),(31,38,2,'Quam aperiam omnis nulla illum. Asperiores autem iusto ut aut ut quia nihil voluptatem. Quidem et tempora velit libero ipsam nam.',1,1,'2001-09-22 11:43:33','2020-07-28 19:13:00'),(32,97,78,'Occaecati fugiat quo similique vero et. Quis esse debitis unde quo consequatur. Dolor porro ex cumque.',1,1,'1973-11-06 05:36:35','2020-07-28 19:13:00'),(33,99,60,'Quam cum dolore sapiente eligendi. Id sit accusamus voluptates consectetur. Beatae itaque recusandae iste a est.',0,0,'1997-06-25 20:17:31','2020-07-28 19:13:00'),(34,2,28,'Velit vel cum incidunt sunt ab recusandae. Vel alias tempore magnam optio. Saepe vitae voluptatem hic consequatur itaque possimus. Qui quos totam officia molestias repellendus.',1,0,'1974-12-21 12:25:59','2020-07-28 19:13:00'),(35,36,96,'Quam et rerum nam id nulla. Et minus optio velit. Inventore commodi quia libero rerum.',1,1,'2004-07-21 15:01:40','2020-07-28 19:13:00'),(36,70,63,'Et perspiciatis sapiente mollitia nisi quo. Et porro corrupti beatae perferendis. Voluptatem unde aliquam fugit occaecati quia sit aperiam reprehenderit.',0,1,'1994-04-13 10:44:26','2020-07-28 19:13:00'),(37,2,22,'Enim voluptates modi corporis porro et et incidunt. Quaerat natus doloribus exercitationem soluta tempore accusantium. Soluta officiis dicta corporis aliquam amet est.',0,1,'2007-08-18 12:33:51','2020-07-28 19:13:00'),(38,5,57,'Qui distinctio architecto dolore consequuntur recusandae illo quis. Ipsum incidunt adipisci a non ab. Est quis et molestiae consectetur perspiciatis dolorem.',0,1,'1980-06-29 11:05:48','2020-07-28 19:13:00'),(39,69,74,'Ipsa ipsum minima sit expedita in quis consequatur. Ut iste non provident excepturi magni aliquid a. Fugit natus dolor ab.',1,0,'1996-08-06 11:50:57','2020-07-28 19:13:00'),(40,63,92,'Qui maxime recusandae sunt facere laudantium quis. Culpa dignissimos eius veniam vitae rerum. Molestiae laborum ullam veritatis iste qui maiores.',1,1,'2016-01-15 01:39:23','2020-07-28 19:13:00'),(41,72,80,'Iusto nisi numquam eius animi eum vel omnis. Placeat ut eveniet enim voluptates laboriosam. Sed et ea ut facilis ut ut neque.',0,0,'1992-12-26 10:36:22','2020-07-28 19:13:00'),(42,87,95,'Nam minima magni ab voluptates non harum saepe. Quaerat qui similique vero. Ab modi consequatur quidem molestiae rem. Ut possimus aut non veniam. Soluta odio et esse nobis eaque.',0,1,'1984-09-03 15:30:10','2020-07-28 19:13:00'),(43,12,75,'Et incidunt dolorem eaque odio rerum consequatur voluptate. Aut eos ipsa sed voluptas ipsa est architecto sit.\nQui et ipsum culpa sed fugit ut. Et pariatur magni distinctio est pariatur a sint minus.',1,1,'1974-01-24 03:03:25','2020-07-28 19:13:00'),(44,38,67,'Voluptas voluptatem reiciendis sequi illum. Quia tenetur excepturi ea qui porro sit. Consequuntur iusto praesentium suscipit sed magni nemo reprehenderit.',1,1,'1998-10-22 18:32:30','2020-07-28 19:13:00'),(45,17,84,'Totam aliquid et itaque sunt. Perferendis neque nesciunt fuga iste itaque sint quam ut. Et deserunt magnam vitae maxime amet non. Quibusdam vel ullam ducimus fuga.',1,1,'1993-11-17 11:48:34','2020-07-28 19:13:00'),(46,70,95,'Nulla fugit repudiandae odio quae ipsam sed aliquam. Voluptatem eligendi debitis enim numquam quod ducimus et enim. Corrupti amet voluptate corporis officia ea non animi ea.',0,1,'2011-02-05 23:05:44','2020-07-28 19:13:00'),(47,65,40,'Reiciendis ullam consequatur sunt sunt nihil itaque. Perspiciatis labore labore nam et sint. Qui nam aspernatur cupiditate temporibus perspiciatis.',0,1,'1983-07-22 17:59:14','2020-07-28 19:13:00'),(48,4,99,'Aspernatur est sit ut expedita sint blanditiis. Et minima ullam sint nihil. Exercitationem et repellendus enim repellat et nihil.',0,1,'1979-06-27 00:21:18','2020-07-28 19:13:00'),(49,82,15,'Incidunt velit pariatur fuga et neque minus quo. Nihil tenetur et id fugiat nobis maiores aliquid. Nemo ut eligendi tempora tenetur aliquid fugiat nemo.',1,0,'2007-07-12 17:56:09','2020-07-28 19:13:00'),(50,27,89,'Eveniet hic ratione ut laborum omnis eaque. Voluptates blanditiis culpa maxime velit sed enim.',1,0,'1986-10-17 02:25:13','2020-07-28 19:13:00'),(51,64,53,'Quas quasi omnis ad corrupti nulla doloribus. Et illo eos voluptatem eaque. Esse ut dolorem optio. Accusamus eum ducimus ad illo voluptatum eaque deserunt.',1,0,'2013-03-27 11:22:10','2020-07-28 19:13:00'),(52,70,93,'Omnis culpa ducimus qui repudiandae consectetur quo cupiditate. Suscipit perferendis consequatur et voluptatum. Modi qui aut nisi sapiente. Voluptate ea maiores dolorem ea.',1,0,'2004-01-30 05:25:47','2020-07-28 19:13:00'),(53,53,84,'Odit non dolore quam hic eos iusto et perspiciatis. Omnis sed et accusamus ad. Iusto quia rerum omnis et facilis.',1,0,'1973-10-07 00:40:24','2020-07-28 19:13:00'),(54,62,57,'Accusamus vel quos eos adipisci tenetur molestiae omnis. Sit architecto ullam aut non. Illum dolorem cum asperiores et non sed adipisci. Ut similique ad ipsam qui ut alias accusantium.',1,0,'1981-01-24 22:41:33','2020-07-28 19:13:00'),(55,97,16,'Repudiandae excepturi fugit sint quas iure et. Est enim modi quam enim tempora omnis. Fuga dolores totam iste. Est dolorem placeat fuga fuga dolor natus.',0,0,'1993-12-01 18:59:23','2020-07-28 19:13:00'),(56,86,81,'Sint omnis assumenda libero harum quis sunt. Aut suscipit eos itaque eius. Et ratione voluptas asperiores aut vero blanditiis quia.',1,1,'2000-07-29 11:06:39','2020-07-28 19:13:00'),(57,49,2,'Autem et non ex suscipit ratione aut est aut. Unde tempore qui accusamus. Eos aut temporibus dignissimos dignissimos.',0,0,'2019-05-12 19:15:08','2020-07-28 19:13:00'),(58,60,94,'Amet eligendi sint earum velit magnam commodi temporibus nisi. Tempora inventore ad rem quo sequi. Velit sed dolore laudantium veniam ea velit voluptatem.',0,1,'1971-12-03 13:43:59','2020-07-28 19:13:00'),(59,91,71,'Earum nam dignissimos sit distinctio doloribus. Quo sit sequi rerum dolore eaque perspiciatis. Non quibusdam repellendus iusto nobis dolorem qui libero dicta.',0,1,'1994-01-30 17:26:25','2020-07-28 19:13:00'),(60,82,95,'Reprehenderit impedit est id eos laboriosam culpa. Nostrum ut ipsam soluta quo voluptatem. Officia accusantium ipsa ea dolor et.',0,0,'2007-12-01 17:50:01','2020-07-28 19:13:00'),(61,30,65,'Architecto rem fuga dolorem quas. Nihil distinctio aut sapiente sint. Et accusamus et tenetur quia sed tenetur.',0,1,'1994-06-01 14:11:05','2020-07-28 19:13:00'),(62,34,74,'Adipisci eveniet id aut quo qui at ex. Nostrum odio sint pariatur consequatur. Quasi fuga laudantium et et in. Aliquam a sint eligendi magnam at.',0,1,'1980-02-23 04:05:22','2020-07-28 19:13:00'),(63,68,19,'Consequatur est qui veniam maxime sunt. Voluptatem repellat voluptas impedit ea voluptatem. Laboriosam sit reiciendis ut sed ipsam enim. Et quibusdam enim saepe aut.',0,0,'1990-07-23 10:58:30','2020-07-28 19:13:00'),(64,90,92,'Pariatur sed sunt aliquid fuga illo. Dolorem est asperiores qui et impedit aut rem.',0,1,'2020-07-13 08:14:51','2020-07-28 19:13:00'),(65,88,63,'Quas fugit commodi reprehenderit consequatur. Eius cum amet est molestias. Omnis vitae odio harum animi possimus.\nSaepe deleniti et quam unde. Et rerum amet cupiditate vel sapiente possimus.',0,1,'2002-03-07 13:49:33','2020-07-28 19:13:00'),(66,53,76,'Tenetur iure velit alias quasi occaecati dignissimos et saepe. Fugiat debitis earum qui nemo. Quia rerum perferendis dignissimos eos ut. Accusantium facilis sit consequatur quibusdam.',0,0,'1993-12-15 10:43:24','2020-07-28 19:13:00'),(67,20,69,'Dolorem eos omnis molestiae porro voluptatem sint id. Ducimus reprehenderit voluptas et quidem.',0,0,'2019-04-02 08:54:02','2020-07-28 19:13:00'),(68,87,28,'Sapiente sapiente a id minus impedit aperiam dolorem. Vel sit ex et deserunt autem ipsum. Alias non rerum repellat illo perferendis quia nisi. Dolore enim temporibus perspiciatis possimus eum sequi.',0,0,'2008-11-15 16:46:05','2020-07-28 19:13:00'),(69,79,12,'Exercitationem quae repudiandae praesentium nihil recusandae impedit voluptas. Inventore aut in expedita tenetur soluta. Atque velit magnam aut. Laudantium commodi aut excepturi.',0,0,'1996-08-23 16:32:25','2020-07-28 19:13:00'),(70,19,58,'Doloribus cum atque magnam quisquam rerum velit voluptate quo. Quisquam aut tempora sunt iusto debitis repellat. Consequatur ipsum odit cum ea et. Quia qui recusandae soluta in nihil aut natus.',1,1,'1988-04-20 05:59:44','2020-07-28 19:13:00'),(71,35,100,'Eos fugiat ducimus ratione sunt. Repellat autem harum unde fugiat vero sequi voluptas placeat. Tenetur officiis est deserunt qui aliquam cupiditate eum consequatur.',1,0,'2007-05-17 20:26:36','2020-07-28 19:13:00'),(72,94,68,'Pariatur rerum dolores quod corrupti. Debitis dicta qui vel harum consequatur est. Recusandae labore quaerat consequuntur est.',0,1,'2014-06-27 16:27:44','2020-07-28 19:13:00'),(73,58,87,'Labore facere eaque eum earum illo recusandae. Cum nam deserunt vitae laudantium sed corporis voluptatibus. Eveniet exercitationem aut aut autem animi at dolorem id.',0,1,'2000-03-11 00:49:21','2020-07-28 19:13:00'),(74,59,36,'Dolores debitis sapiente velit odit modi non dolorum. Dolore placeat possimus deleniti eos et exercitationem. Perspiciatis quae aut sed ut sit.',1,1,'2000-05-25 20:26:15','2020-07-28 19:13:00'),(75,1,98,'Laborum at aut quaerat ducimus provident totam. Quisquam omnis officia mollitia eaque autem qui. Qui amet eius enim repellendus. Sunt sit deleniti aliquid corrupti.',1,0,'2012-02-11 18:26:28','2020-07-28 19:13:00'),(76,84,25,'Est ut dolorem laborum nulla laudantium culpa quas nihil. Fuga non ullam in et autem voluptates minima. Est tenetur ut quos ut.',1,1,'1992-07-31 09:33:53','2020-07-28 19:13:00'),(77,75,100,'Ut sapiente nam dolores labore commodi. Commodi est voluptatem sit natus non. Alias aliquam quasi labore earum accusamus sed et. Velit nisi consequatur expedita aut.',1,1,'1985-04-14 00:09:54','2020-07-28 19:13:00'),(78,74,69,'Ut sint porro similique. Voluptatum sequi sunt ut rerum architecto corrupti. Quam quo ut et nesciunt.',1,0,'1978-08-08 18:31:46','2020-07-28 19:13:00'),(79,22,3,'Est tenetur et laborum eligendi iusto. Velit non molestias est ad et. Quia commodi quam quasi minus sit ipsam quod delectus.',1,1,'1977-05-14 17:31:56','2020-07-28 19:13:00'),(80,49,34,'In sapiente est iure rerum quis. Eum et quibusdam voluptatem officiis magnam doloremque atque. Nostrum hic eum magnam impedit beatae assumenda tempora. Odio porro et recusandae atque saepe qui rerum.',0,1,'1980-08-04 20:14:09','2020-07-28 19:13:00'),(81,23,13,'Aut rem quisquam est nesciunt impedit inventore maxime. Ab est error fuga et vitae repellat omnis.',0,0,'2015-05-29 20:08:57','2020-07-28 19:13:00'),(82,94,31,'Illum sit voluptates pariatur et occaecati illo illum. Dolorum minus nisi impedit corporis quis.',1,1,'1983-02-15 14:38:58','2020-07-28 19:13:00'),(83,74,77,'Et minima rerum qui placeat. Itaque consectetur iste fuga neque nihil accusantium pariatur. Ea veritatis cupiditate rerum similique. Quis blanditiis a expedita est deserunt perferendis sed.',1,0,'1970-07-30 13:33:55','2020-07-28 19:13:00'),(84,60,70,'Rerum praesentium dolor et temporibus sit sunt laborum. Aspernatur quia sit beatae quae molestias. Eius ut vel dolorem impedit corporis.',0,0,'2004-07-23 04:42:21','2020-07-28 19:13:00'),(85,68,31,'Qui dolorem optio sed sunt. Qui aut eligendi qui eveniet sunt dicta odit. Architecto adipisci voluptas quo quia. Vel illo nihil veritatis consequuntur facere perferendis quis.',1,0,'1987-04-08 05:11:55','2020-07-28 19:13:00'),(86,49,50,'Aliquam molestiae culpa recusandae itaque id voluptatem. Cum fugiat laudantium non nobis dolores harum perspiciatis. Neque facere quae dolorem quidem quia maxime ex.',1,0,'2002-08-31 03:25:42','2020-07-28 19:13:00'),(87,5,75,'Voluptatem quo non quia ea numquam ut ipsa. Et dolor quia quos magni quia. A consequuntur minus libero quaerat accusantium sequi perferendis. Consequatur tenetur aut magni dolores distinctio.',1,0,'1995-04-02 02:15:39','2020-07-28 19:13:00'),(88,60,75,'Mollitia facere accusamus ut. Ducimus cupiditate voluptas rerum saepe fugit. Aliquid omnis perspiciatis est aut maiores ut odio.',1,0,'1975-03-14 05:04:52','2020-07-28 19:13:00'),(89,92,36,'Est aut voluptas voluptas laborum voluptatem occaecati aut. Qui omnis dignissimos illo tempora nostrum quae voluptatum distinctio. Autem dicta reiciendis ullam sapiente iste.',1,1,'1988-01-16 18:23:05','2020-07-28 19:13:00'),(90,4,11,'Recusandae dolorum quod dolor sed libero eum sint. Blanditiis facere qui eum laudantium aliquam. Ad blanditiis delectus cum maiores voluptas est repellat dolores.',1,1,'2013-04-02 02:03:30','2020-07-28 19:13:00'),(91,42,78,'Nisi iusto explicabo quibusdam architecto non. Excepturi commodi pariatur tenetur itaque fuga sit aut. Deleniti in et quos maiores. Ut sunt inventore laboriosam non alias enim.',1,1,'2007-01-27 09:39:41','2020-07-28 19:13:00'),(92,64,86,'Quasi sint quaerat omnis nostrum impedit. Asperiores aliquam odio aut minus tempore. Dignissimos praesentium et id distinctio.',1,0,'1977-01-19 11:55:22','2020-07-28 19:13:00'),(93,35,18,'Architecto sed sit nam cupiditate animi. Voluptatum et tempora reiciendis temporibus. Deleniti autem ipsa libero.',1,0,'2001-12-08 06:45:10','2020-07-28 19:13:00'),(94,84,66,'Odit doloribus commodi magni mollitia voluptatem magnam quo. Aut accusamus consequatur laudantium eum. Autem ipsa voluptatem suscipit ab cumque.',1,1,'2011-05-11 21:09:03','2020-07-28 19:13:00'),(95,77,86,'Iure dolorem consequuntur ipsum laboriosam repudiandae quo. Voluptatem ducimus in possimus. Velit eius quas tempora inventore. Ea est officia aut sequi quaerat.',1,0,'1987-03-19 07:13:49','2020-07-28 19:13:00'),(96,100,40,'Aspernatur dolorem modi optio nam beatae rerum blanditiis. Tempora enim sed fuga sed perspiciatis. Est maxime dolorem ut sed impedit sit vel. Nesciunt id necessitatibus ut autem et rerum.',1,0,'1974-01-26 00:35:27','2020-07-28 19:13:00'),(97,1,82,'Et quod ut sit fugit magni ut. Vel ut minus omnis ad adipisci.',1,1,'1981-09-21 01:19:20','2020-07-28 19:13:00'),(98,9,99,'Qui sit commodi ea sint. Repellendus sed voluptatem veritatis. Incidunt perspiciatis dolorem et aut quia.',0,1,'1994-04-18 01:55:23','2020-07-28 19:13:00'),(99,65,28,'Consequuntur tenetur et labore illo voluptas omnis voluptates. Ullam distinctio autem nemo dolor magni. Quaerat quidem aut enim ut. Nam culpa provident iure tenetur sapiente voluptates quia.',1,1,'1980-12-29 23:16:56','2020-07-28 19:13:00'),(100,43,33,'Placeat aut in voluptas voluptatem quia dolorem dolore repellat. Molestiae veritatis ea suscipit quis voluptates ducimus enim. Vel eum et eum labore est rem consequuntur in. Non et cum culpa autem.',0,1,'2016-11-06 19:02:25','2020-07-28 19:13:00');
/*!40000 ALTER TABLE `messages` ENABLE KEYS */;
UNLOCK TABLES;

--
-- Table structure for table `posts`
--

DROP TABLE IF EXISTS `posts`;
/*!40101 SET @saved_cs_client     = @@character_set_client */;
/*!50503 SET character_set_client = utf8mb4 */;
CREATE TABLE `posts` (
  `id` int unsigned NOT NULL AUTO_INCREMENT,
  `user_id` int unsigned NOT NULL,
  `community_id` int unsigned DEFAULT NULL,
  `head` varchar(255) CHARACTER SET utf8 COLLATE utf8_unicode_ci DEFAULT NULL,
  `body` text CHARACTER SET utf8 COLLATE utf8_unicode_ci NOT NULL,
  `media_id` int unsigned DEFAULT NULL,
  `is_public` tinyint(1) DEFAULT '1',
  `is_archived` tinyint(1) DEFAULT '0',
  `views_counter` int unsigned DEFAULT '0',
  `created_at` datetime DEFAULT CURRENT_TIMESTAMP,
  `updated_at` datetime DEFAULT CURRENT_TIMESTAMP ON UPDATE CURRENT_TIMESTAMP,
  PRIMARY KEY (`id`),
  KEY `posts_user_id_fk` (`user_id`),
  KEY `posts_media_id_fk` (`media_id`),
  KEY `posts_community_id_fk` (`community_id`),
  CONSTRAINT `posts_community_id_fk` FOREIGN KEY (`community_id`) REFERENCES `communities` (`id`),
  CONSTRAINT `posts_media_id_fk` FOREIGN KEY (`media_id`) REFERENCES `media` (`id`),
  CONSTRAINT `posts_user_id_fk` FOREIGN KEY (`user_id`) REFERENCES `users` (`id`)
) ENGINE=InnoDB AUTO_INCREMENT=101 DEFAULT CHARSET=utf8 COLLATE=utf8_unicode_ci;
/*!40101 SET character_set_client = @saved_cs_client */;

--
-- Dumping data for table `posts`
--

LOCK TABLES `posts` WRITE;
/*!40000 ALTER TABLE `posts` DISABLE KEYS */;
INSERT INTO `posts` VALUES (1,1,1,'Nam eum aspernatur quibusdam rerum.','Ut optio veniam officiis et quo fugiat voluptatem. Est exercitationem alias odit veniam cupiditate tempora natus vero. Accusamus rerum tenetur recusandae illum nesciunt sit. Dignissimos suscipit ut minima consectetur accusamus quibusdam.',1,1,0,737535,'1976-11-21 15:53:46','2018-11-25 06:51:48'),(2,2,2,'Quam ipsam quisquam veniam perferendis ut sapiente.','Consequatur iste ut id molestias voluptatem rem laudantium. Debitis nemo dolorum accusantium libero. Dolor quia recusandae aut voluptate facere odio libero. Vitae non illum et nobis ab.',2,0,1,63,'1984-09-18 14:49:24','2019-08-21 20:29:52'),(3,3,3,'Nisi provident sit asperiores doloremque odio deserunt ex.','Non eos consequatur tempora numquam optio ipsam. Id ad tempora dolorum maxime voluptatum. Quia ut harum est iste. Aperiam quo voluptatibus quo asperiores.',3,0,1,32317554,'1946-12-03 22:24:16','2016-02-28 14:02:20'),(4,4,4,'Autem quia consequatur nam cupiditate soluta autem.','Autem modi neque sit. Perspiciatis provident ut consequatur inventore. Sed aliquam recusandae quo non optio.',4,0,1,3,'1986-05-15 15:28:30','2013-02-03 03:48:37'),(5,5,5,'Id repellendus dolorem et ipsam esse eaque.','Ab ad quibusdam illo minima voluptatibus illo et. Tempore rerum eos veritatis aut neque cum. Quas similique quia alias temporibus. Occaecati ducimus omnis ex autem magnam iusto laboriosam sed.',5,1,1,5,'2001-12-28 05:27:13','2019-09-14 11:49:20'),(6,6,6,'Odio sed veniam porro corrupti molestiae ratione ratione.','Itaque doloribus ipsa modi cupiditate est. Dolores alias nisi molestiae non praesentium. Commodi officia quis ut qui non quibusdam minus. Voluptate eaque occaecati magnam error fugiat. Quo natus quaerat molestias ducimus ducimus.',6,0,0,0,'1935-04-20 02:39:00','2015-07-13 19:01:04'),(7,7,7,'Ex quia repudiandae harum est quisquam molestias impedit.','Occaecati aperiam sunt itaque quia. Sed quis dolores dolores eius non aut adipisci similique. Natus perspiciatis ratione voluptatem et.',7,1,1,0,'1973-05-16 05:46:50','2016-03-21 06:42:09'),(8,8,8,'Voluptatibus quas nulla culpa itaque.','Alias non qui nulla aut iure libero amet. Rem culpa perferendis totam beatae.',8,1,0,945,'1952-02-05 18:25:15','2019-12-03 19:37:44'),(9,9,9,'A velit nihil et veniam modi voluptas.','Quia cumque voluptatibus et minima facilis. Tempore officiis sit error voluptas. Quis suscipit necessitatibus repellat.',9,0,1,443853,'1982-10-05 03:33:40','2020-05-12 03:42:42'),(10,10,10,'Esse repellendus nulla dicta voluptate.','Reiciendis ut ut nihil ea. Iusto aperiam sapiente iusto aperiam nobis exercitationem maxime beatae. Aspernatur quasi rem est sit blanditiis in.',10,1,0,27245654,'1995-04-26 18:57:07','2011-11-08 12:22:05'),(11,11,11,'Sed quos pariatur est voluptas quae.','Quae porro totam eum ratione. Doloremque sunt quo non pariatur. Quo ea illum vitae at libero impedit. Cupiditate voluptas asperiores tempore vero quod.',11,1,0,18071302,'1975-05-20 20:06:59','2014-12-25 13:24:14'),(12,12,12,'Architecto dicta atque nihil aut earum quisquam.','Ea deleniti velit perspiciatis delectus eum architecto. Voluptate inventore eaque dolore dignissimos commodi. Nostrum iure praesentium occaecati molestiae id consectetur consequatur beatae.',12,1,1,7586006,'1926-01-16 00:22:19','2012-11-29 21:24:33'),(13,13,13,'Et animi incidunt sed.','Repellat cupiditate enim quos. Explicabo eum odio qui odit. Quaerat incidunt perferendis modi sit.',13,0,0,23,'1960-05-18 22:04:02','2017-08-19 16:22:01'),(14,14,14,'Doloremque saepe possimus et tempore quia necessitatibus exercitationem.','At et aut molestiae et tempore unde odio. Voluptate ut sint odit ex enim velit dolor corrupti. Laborum incidunt ipsam voluptatibus omnis.',14,1,0,0,'1961-11-28 04:31:54','2019-12-27 22:03:57'),(15,15,15,'Esse fugit dolores veritatis ratione totam ut maxime.','Non veritatis cum neque et. Et natus laborum voluptatum voluptatibus unde. Saepe velit minima excepturi nihil ut.',15,0,0,6097370,'1959-10-23 06:13:37','2016-12-30 07:32:32'),(16,16,16,'Omnis eos velit hic repudiandae qui dolore et molestiae.','Repellendus tempora a labore delectus et eligendi. Saepe laboriosam mollitia eaque voluptatem. Impedit enim voluptas officiis est autem ad non. Dignissimos similique nihil voluptas mollitia veniam velit iste.',16,1,1,5955,'1962-02-01 10:57:31','2017-02-16 11:25:52'),(17,17,17,'Aut qui est quo deserunt error.','Deleniti voluptas cum praesentium rerum voluptas vitae commodi aperiam. Eaque hic odit explicabo et nemo. Omnis repellendus dolor hic ex provident. Laudantium illum quis harum repudiandae vel ipsum necessitatibus. Veniam ipsa ducimus est.',17,0,0,4616791,'1929-03-28 17:05:21','2014-11-26 11:20:43'),(18,18,18,'Vel possimus unde ipsam magnam neque.','Possimus alias corporis aut voluptas a. Dignissimos voluptatem occaecati ea adipisci aspernatur qui enim reprehenderit. Voluptatem deleniti sunt perferendis sit.',18,1,0,976005853,'1977-12-01 19:43:07','2018-04-18 05:27:39'),(19,19,19,'Est mollitia qui quam optio commodi doloribus.','Veniam optio sequi dolor laborum. Sed dolores et odio ullam. Est quas vitae soluta est.',19,0,1,34187,'2009-09-16 11:41:34','2018-11-19 20:06:06'),(20,20,20,'Nihil exercitationem sed quaerat est sed.','Aspernatur iusto est ad rerum odit est ipsam quisquam. Repellendus dolor mollitia totam et. Voluptates ut velit eum voluptas in aut.',20,0,1,77172161,'1984-02-29 17:21:11','2016-01-22 10:50:32'),(21,21,17,'Aut a magni non unde autem ea ut.','Aut iure veniam minima libero voluptatem molestiae. Occaecati sit dolor debitis qui nisi et. Quos et expedita id esse laborum aperiam. Exercitationem eos dolorem unde.',21,0,1,89,'1998-08-03 19:54:25','2020-08-06 18:45:34'),(22,22,5,'Culpa voluptas eveniet odit illum eveniet quo aliquid.','Doloremque deleniti quam laudantium esse odio dignissimos architecto. Debitis officia iusto voluptas quam vero ut. Asperiores omnis eos mollitia nam. Id nobis voluptas eligendi sit dolores est perferendis.',22,1,0,54586484,'1984-08-14 04:40:10','2020-08-06 18:45:34'),(23,23,15,'Quo consequatur omnis quos ut corporis nostrum.','Perspiciatis placeat aut sit. Et aut tempora similique consequatur quidem ut eum. Cum nihil tempora id at nihil vel. Totam maxime nobis eius.',23,1,0,8,'2010-06-11 13:17:58','2020-08-06 18:45:34'),(24,24,17,'Ut expedita placeat omnis.','Est rem officia velit voluptas ullam consequatur sed. Asperiores ipsum quia architecto eos perferendis minus tenetur. Quisquam ut ducimus unde at et error. Nam aut qui aliquam consequatur.',24,0,1,0,'2007-06-21 02:12:11','2020-08-06 18:45:34'),(25,25,2,'Quidem ut est natus exercitationem.','Iusto dolorum omnis atque autem doloribus. Similique ut maxime est asperiores minima.',25,1,0,944262478,'1975-06-07 21:49:25','2020-08-06 18:45:34'),(26,26,15,'Perspiciatis blanditiis iure recusandae alias voluptas.','Architecto expedita minus qui facere id ut ut ipsum. Assumenda nobis minus qui. Eligendi pariatur dignissimos ut qui laudantium expedita quibusdam omnis.',26,1,0,64,'1946-11-06 00:48:33','2020-08-06 18:45:34'),(27,27,12,'Eveniet aut facilis modi vitae quam.','Voluptas est vitae ducimus qui fugiat. Illum quo vitae non ex beatae quisquam quibusdam. Aliquid dolor ut facilis soluta in autem et quia. Illum maxime maxime ratione fugiat modi.',27,0,0,81,'2006-01-25 03:36:22','2020-08-06 18:45:34'),(28,28,12,'Eum cupiditate officia vitae iusto qui.','Ut occaecati architecto expedita laboriosam accusantium modi. Natus explicabo quo consectetur quis. Recusandae fuga laboriosam rerum ipsa. Est consequatur quia et excepturi. Dignissimos dolore voluptates ut itaque mollitia et et.',28,0,0,5,'1936-10-16 22:30:15','2020-08-06 18:45:34'),(29,29,4,'Id laudantium et dolorem non quae dignissimos sit.','Suscipit aut eius sed consectetur eveniet et magnam. Hic id molestiae repellat. Dignissimos animi provident ipsam voluptas.',29,1,1,411932,'2017-12-24 19:51:08','2020-08-06 18:45:34'),(30,30,4,'Ea ut accusantium rerum quis velit accusantium.','Est et aspernatur enim fuga. Repudiandae dolor qui dolores.',30,1,0,0,'1934-04-15 02:27:30','2020-08-06 18:45:34'),(31,31,8,'Est sapiente consequuntur quos dicta eum provident.','Maiores consequatur repellat rerum deserunt molestias. Eius accusamus itaque esse. Architecto rerum sit quibusdam voluptas nam. Cum deleniti exercitationem nobis voluptatem.',31,0,0,5145,'1928-06-11 15:48:28','2020-08-06 18:45:34'),(32,32,6,'Ut officia et architecto dolore quia deleniti autem.','Deserunt qui neque aut est eaque itaque eos. Esse maiores mollitia culpa a beatae sed tenetur repudiandae. Non eos magni qui aperiam molestias voluptatem aut.',32,0,0,8382034,'1960-04-27 09:31:10','2020-08-06 18:45:34'),(33,33,5,'Ratione consequatur ut dolorem ea est.','Voluptatem sunt eligendi ea quis. Omnis voluptas quia tempora et nesciunt fuga autem sapiente. Qui ex repellendus qui excepturi et unde numquam. Quia enim consequatur magni est. Et ipsam sed eum modi.',33,0,0,4,'1949-01-01 13:34:24','2020-08-06 18:45:34'),(34,34,8,'Asperiores occaecati ut earum dolor ut blanditiis.','Sit molestiae cupiditate inventore cum nemo. Velit qui aut suscipit iste repudiandae explicabo. Est nobis necessitatibus consequatur esse quae similique quia sed. Commodi quae quam occaecati.',34,1,1,21,'1971-09-01 18:58:09','2020-08-06 18:45:34'),(35,35,4,'Sint enim corrupti rerum consequatur.','Rerum accusantium quam iste dolorum sunt non. Magni aut rerum facilis fugit laborum velit consequatur incidunt. Quasi aut expedita et omnis voluptatem ab.',35,1,1,23956,'1962-06-23 09:47:57','2020-08-06 18:45:34'),(36,36,15,'Tenetur sapiente accusantium error ab.','Dolorem rerum sequi magni rerum. Odio iste voluptas nobis magnam aperiam. Deserunt qui explicabo in ratione quam rerum beatae.',36,1,0,87651811,'2012-05-27 05:27:36','2020-08-06 18:45:34'),(37,37,3,'Aut reprehenderit veniam sunt provident optio.','Repellendus rerum velit non sit. Impedit ut quis autem odio voluptas iste. Minima et illo consequatur dolore. Dolore excepturi omnis temporibus quo quia eos qui. A omnis totam id ut vel.',37,0,1,315151320,'2004-03-01 22:52:46','2020-08-06 18:45:34'),(38,38,10,'Quo voluptatem beatae et deleniti.','Eum odio molestias dolore soluta consequatur. Iusto sunt a odio aut. A iure cupiditate tempore.',38,1,1,635327,'1991-01-03 01:01:19','2020-08-06 18:45:34'),(39,39,20,'Cupiditate harum id sed iure eligendi est saepe.','Voluptatem qui tenetur consectetur dolores consectetur. Et enim excepturi commodi exercitationem quaerat. Explicabo omnis aut corrupti est sed quidem dolorum eaque.',39,1,0,681825339,'1950-03-04 14:55:24','2020-08-06 18:45:34'),(40,40,10,'Neque et voluptas qui vero blanditiis.','Pariatur eum laboriosam aut est quibusdam et. Ut tempora nam voluptate aut tempora. Nam numquam impedit molestiae dolores.',40,0,0,955202,'1921-03-03 11:22:02','2020-08-06 18:45:34'),(41,41,11,'Dolor sequi distinctio aut ut dolorem ducimus ea.','Facere qui id laborum eos omnis tempora. Sit quia ratione quae incidunt possimus voluptatem. Et maxime autem voluptatem rem et.',41,1,0,466225000,'1952-12-01 15:21:18','2020-08-06 18:45:34'),(42,42,5,'Sit voluptatem dicta dolorem voluptatum recusandae explicabo et eius.','Adipisci sint magnam vero est. Qui modi voluptatem dicta ut vel et. Alias ex nihil debitis illo fugiat commodi eum. Et et dolores quia enim rerum ad aliquam.',42,1,0,526,'1969-11-15 11:18:31','2020-08-06 18:45:34'),(43,43,9,'Odio ut numquam et adipisci sit enim amet.','Et quo eaque sed qui beatae maxime eligendi. Repudiandae at molestias qui eius cum iste. Reiciendis cupiditate ea qui laboriosam excepturi quod quae.',43,1,0,67335780,'2006-06-17 03:04:36','2020-08-06 18:45:34'),(44,44,10,'Consequatur est nostrum porro quas quia sunt id.','Corporis consequatur soluta et modi earum et. Vitae corporis molestias ullam corrupti. Sint nobis tempore dolorem harum. Aspernatur itaque impedit magnam vero quia aut. Fuga dolor nihil nobis at fugit.',44,1,0,58455,'1990-04-06 04:10:17','2020-08-06 18:45:34'),(45,45,1,'Quas quis laudantium et.','Voluptatem voluptas numquam qui vel ut. Eum ut molestiae qui fuga incidunt vel. Qui praesentium perferendis delectus.',45,1,1,5210,'1969-06-15 16:30:27','2020-08-06 18:45:34'),(46,46,18,'Debitis ullam illo qui sed dolorum animi perspiciatis.','Animi qui esse dolorem distinctio qui ipsam. Dolores quo saepe est laudantium.',46,0,0,4422641,'1937-10-30 17:22:54','2020-08-06 18:45:34'),(47,47,3,'Est tempore et ad quas.','Ut corporis hic aut et dolorum repellat est. Aliquam necessitatibus laborum fugit. Vel omnis error et corrupti enim nulla dicta. Reprehenderit quaerat impedit velit magnam similique optio consequatur.',47,0,1,773313,'1923-07-17 12:13:45','2020-08-06 18:45:34'),(48,48,1,'Omnis eveniet et natus dolorem dolor.','Officiis illum fuga id est harum dolorem. Ut repellendus consequatur saepe qui molestias vel. Consequatur qui dignissimos explicabo omnis voluptas repellat. Voluptatem magni cupiditate voluptates eum.',48,0,0,186563479,'1988-02-04 02:48:17','2020-08-06 18:45:34'),(49,49,16,'Ad est delectus sit reiciendis minus.','Nihil illo nesciunt veniam est repellat quisquam adipisci. Tempore et voluptatem sed autem iusto labore eum. Dolore et nisi unde quia quo quaerat doloribus eos.',49,1,1,8,'1945-08-08 12:13:32','2020-08-06 18:45:34'),(50,50,15,'Provident rerum cumque beatae.','Aspernatur facilis rerum exercitationem suscipit quia. Deleniti beatae cumque rerum iure ab molestiae non. Optio nostrum aut itaque animi ut facere.',50,1,0,70,'1957-12-30 19:34:17','2020-08-06 18:45:34'),(51,51,7,'Facilis vel eveniet a libero fugiat voluptatem.','In animi tempore sed consequuntur amet aut eos. Libero porro et aperiam voluptates qui explicabo praesentium.',51,1,0,497,'2013-06-24 00:54:15','2020-08-06 18:45:34'),(52,52,11,'Ut veniam cumque delectus explicabo deleniti odit consequatur.','Necessitatibus dolorem atque ut dolor quae eos. Vel facilis quisquam et molestiae provident. Omnis cupiditate aut natus et ratione. In nesciunt qui deleniti et eos labore. Alias architecto et recusandae in est.',52,0,0,0,'2008-12-14 07:06:54','2020-08-06 18:45:34'),(53,53,14,'Reprehenderit sed asperiores vel culpa.','Perferendis excepturi sit voluptatum. Eius et accusantium beatae quo eveniet. Magnam rem porro nihil labore ullam cumque laboriosam consequatur. Et ratione esse autem reprehenderit eligendi aspernatur incidunt. Iure modi ut nihil modi nam est.',53,1,0,0,'1972-11-28 20:35:05','2020-08-06 18:45:34'),(54,54,14,'Assumenda ad consectetur sunt exercitationem aliquid sint iusto eum.','Neque reprehenderit animi commodi esse minus velit dolore. Voluptatibus laudantium aperiam exercitationem sed. Et quisquam id nulla nisi ut. Ea delectus et aut expedita. Tenetur iste suscipit vitae sequi optio placeat.',54,1,1,42616,'1921-11-17 07:19:30','2020-08-06 18:45:34'),(55,55,7,'Dignissimos nihil quia temporibus quam qui.','Veritatis inventore expedita aut accusantium quia quibusdam eum vel. Et occaecati odit incidunt aut est harum. Rerum aspernatur tempore eum laboriosam at. Ipsum sed sit consectetur aliquam cupiditate voluptatem.',55,0,0,77908975,'2017-11-12 05:33:55','2020-08-06 18:45:34'),(56,56,13,'Corporis tempore illum in voluptatem rem nihil aut.','Sunt libero enim nostrum expedita hic veniam. Sunt ipsa porro eveniet eum exercitationem sint. Voluptate aut necessitatibus incidunt sit provident.',56,0,0,62528,'1921-10-02 01:31:26','2020-08-06 18:45:34'),(57,57,2,'Aperiam maiores nam et mollitia vel perferendis veniam.','Temporibus consequatur sed ipsam id. Fuga ipsum eaque esse error.',57,1,1,0,'2020-05-29 11:03:12','2020-08-06 18:45:34'),(58,58,12,'Quia et quam rerum aut nemo enim.','Omnis et neque voluptatem. Rerum tenetur magni nam earum quis.',58,1,0,678246,'1992-02-13 20:28:15','2020-08-06 18:45:34'),(59,59,13,'Aut dolorum mollitia qui et et fugit aut reprehenderit.','Consequatur illo ipsa iure ducimus id. Rerum dicta dolores officia excepturi cupiditate. Perspiciatis consequuntur iste qui et ipsa nulla atque. Accusantium veniam excepturi earum illum aspernatur consequatur cupiditate.',59,1,0,259839,'2019-10-25 18:04:13','2020-08-06 18:45:34'),(60,60,8,'Totam id quia occaecati adipisci ad veritatis.','Iste nemo qui est qui. Blanditiis commodi vel sint et quia ut sed. Ad et quidem non ut reprehenderit quia. Tempore modi architecto veniam eos soluta.',60,1,0,0,'1946-09-03 01:21:38','2020-08-06 18:45:34'),(61,61,1,'Ipsa itaque rerum ut dolorem.','Nulla aut iste nulla voluptate dolorem est molestiae sed. Quasi qui nesciunt dolorem accusamus et reprehenderit. Laboriosam sint modi omnis est magnam et similique. Consequatur quia et culpa et.',61,0,1,883845,'2010-03-04 06:19:37','2020-08-06 18:45:34'),(62,62,20,'Molestias corporis tempora quod pariatur provident fugiat.','Dolorum et qui delectus. Dolorum aliquid minima harum corrupti. Dolores laudantium quia architecto et consectetur dolores ut. Perspiciatis facere voluptatem nulla non.',62,0,0,7372,'1928-05-12 22:16:36','2020-08-06 18:45:34'),(63,63,16,'Et quas a reprehenderit inventore doloribus ad quo.','Ut itaque alias accusamus et. Sapiente similique asperiores beatae autem non. Ut perspiciatis et corporis eum.',63,1,1,150934,'2008-02-15 20:52:19','2020-08-06 18:45:34'),(64,64,19,'Quas sequi ut sed dolor qui sed assumenda fugit.','Inventore corporis quas molestias quo quas cum qui. Aut error enim maxime sit deserunt totam. Rem occaecati odit dignissimos deserunt sit.',64,0,0,410,'1935-10-27 17:42:50','2020-08-06 18:45:34'),(65,65,8,'Qui excepturi ea voluptas quaerat autem.','Error quam ea explicabo. Officia neque consequuntur dicta aut ut. Ducimus delectus aspernatur dignissimos qui quasi.',65,0,1,18114,'2017-10-31 13:52:22','2020-08-06 18:45:34'),(66,66,20,'Qui qui voluptate labore ut consequuntur pariatur qui.','Sint nisi harum ut. Temporibus nisi id voluptates a ab quo. Minus rerum qui autem eum quia.',66,1,1,808754076,'1968-01-20 05:50:44','2020-08-06 18:45:34'),(67,67,18,'Ratione possimus deleniti ut eligendi numquam tenetur voluptas.','Voluptatem est hic tenetur hic. Officia illum beatae praesentium sed vel nihil voluptatibus. Iste sequi enim aut.',67,1,1,956,'1953-05-11 18:44:19','2020-08-06 18:45:34'),(68,68,9,'Rem commodi dolores aspernatur.','Occaecati est quidem quia deleniti voluptatem magnam aliquid itaque. Incidunt et possimus earum rerum et accusamus qui. Facilis porro excepturi voluptates magni.',68,1,0,98761,'2017-07-19 17:10:07','2020-08-06 18:45:34'),(69,69,9,'Eos optio porro sapiente temporibus et eius odio.','Quia voluptatem quaerat voluptatem vel cupiditate qui. Id voluptates laboriosam est commodi. Asperiores sunt est perspiciatis enim.',69,0,1,0,'1923-12-13 21:56:15','2020-08-06 18:45:34'),(70,70,19,'Occaecati itaque perferendis at dolor fugiat a.','Consequatur qui quos repellat facilis omnis sed et qui. Nihil officiis error cupiditate distinctio maxime cumque. Cupiditate esse necessitatibus sed.',70,1,1,153960554,'2004-10-08 00:36:55','2020-08-06 18:45:34'),(71,71,8,'Tenetur labore quia molestias ea quod quis.','Dolorem praesentium et et et ipsa eos. Dolores illum eveniet ut autem et. Officiis occaecati omnis sit expedita dolores.',71,0,1,7465,'1942-06-19 20:06:51','2020-08-06 18:45:34'),(72,72,3,'Deleniti provident inventore tempora voluptatibus.','Et et doloribus qui aut esse. Odio quia ut iste. Magnam temporibus veritatis blanditiis et omnis qui nisi.',72,0,0,334,'1999-07-11 18:09:53','2020-08-06 18:45:34'),(73,73,10,'Delectus impedit neque consequuntur eum eos rerum.','Quisquam dolor quia distinctio ut voluptatem architecto qui. Et sit in nemo rerum autem. Aliquid laborum aliquam ea consequuntur nesciunt dolores. Voluptatum ut voluptas eum minima consectetur iure quia.',73,0,0,263,'1939-06-14 20:38:40','2020-08-06 18:45:34'),(74,74,1,'Unde dolorum atque fuga rerum eum quia.','Ducimus cum et dolore vel ut pariatur tenetur. Nemo ut rerum fugiat accusantium velit tempora voluptate ducimus. Repellendus officiis et rem deserunt inventore. Ut et sunt qui minima.',74,1,0,64,'1938-08-30 12:56:54','2020-08-06 18:45:34'),(75,75,15,'Non a voluptas deserunt sed.','Vel necessitatibus unde ut. Sapiente non iusto necessitatibus eius dolores esse omnis. Sint asperiores reprehenderit nihil tempora distinctio eius. Est unde excepturi laboriosam sequi et autem.',75,1,1,760217,'1965-07-15 11:32:14','2020-08-06 18:45:34'),(76,76,9,'Voluptate odit perspiciatis repellendus error.','Possimus veniam dolor atque ipsa quo. Pariatur vel non tempora similique eligendi.',76,0,0,881,'1947-05-30 01:50:07','2020-08-06 18:45:34'),(77,77,1,'Earum praesentium beatae esse sequi.','Delectus facere voluptatem dolores exercitationem quo consequatur. Sapiente laborum deserunt laboriosam accusantium omnis. Sint non animi ipsa alias rem totam. Odit dolores voluptatem dolorem eum.',77,0,0,6786789,'1994-07-04 06:15:54','2020-08-06 18:45:34'),(78,78,19,'In ad omnis blanditiis ex doloremque recusandae.','Ab quisquam sunt autem et et eum. Omnis quo expedita saepe qui laborum alias optio. Omnis aperiam est id fugiat earum. Nihil quis ut sed officiis.',78,0,0,3635,'1978-11-12 11:47:35','2020-08-06 18:45:34'),(79,79,12,'Placeat enim error vero et vel libero et praesentium.','Ea voluptatum ut non cupiditate. Soluta error quia aperiam dolor.',79,1,0,0,'1945-09-06 15:55:25','2020-08-06 18:45:34'),(80,80,2,'Necessitatibus quisquam unde animi aut quibusdam.','Sit aspernatur velit cumque nisi minus alias maxime. Unde magni dolores rerum. Quibusdam quia ex distinctio reiciendis aliquid quae.',80,0,1,672492098,'2003-07-05 02:07:44','2020-08-06 18:45:34'),(81,81,11,'Laudantium nostrum totam porro quo aut modi omnis tempora.','Voluptatem qui quia cum sint. Et at similique provident officia autem nulla. Eos id et in perspiciatis doloremque cumque et.',81,0,0,1376708,'2017-06-21 20:47:37','2020-08-06 18:45:34'),(82,82,11,'Praesentium error qui iusto cupiditate et.','Ipsum et laborum nam doloremque. Ex exercitationem sed velit omnis sed libero. Consequuntur consectetur voluptatibus ut odit. Molestiae ratione consequuntur aut suscipit nihil.',82,0,0,9056,'1946-02-22 17:12:46','2020-08-06 18:45:34'),(83,83,19,'Non rem harum accusantium aut laboriosam impedit iste ipsum.','Enim eum ea possimus dolore itaque dolor quo. Est laborum eum perferendis sunt qui cum. Error perspiciatis cupiditate quia ducimus cumque consectetur tenetur. Ducimus adipisci sed qui eos sint iure nemo.',83,0,1,9228785,'2007-06-27 09:31:05','2020-08-06 18:45:34'),(84,84,4,'Culpa aut rerum sint officiis.','Fugit alias sint dolores officia debitis necessitatibus voluptas. Est voluptatem aut sunt quos saepe omnis non.',84,1,1,440349219,'1973-02-21 06:23:01','2020-08-06 18:45:34'),(85,85,3,'Rem ex cupiditate eos veritatis.','Assumenda architecto voluptates sit praesentium. Facere nisi expedita eos sed nam reiciendis. Deserunt sequi vitae ea vel molestias. Earum rerum est fuga dolorem sed soluta.',85,0,1,97,'1980-11-10 04:22:10','2020-08-06 18:45:34'),(86,86,20,'Impedit temporibus dolorem quia dolorem dolorem doloremque.','Voluptatem ut distinctio dicta consequuntur. Ipsa neque veniam distinctio necessitatibus facere.',86,0,0,0,'1943-08-18 12:01:42','2020-08-06 18:45:34'),(87,87,12,'Similique pariatur itaque nemo ut.','Assumenda et aut dicta ex dignissimos. Maxime ad libero explicabo deserunt. Neque dolor ducimus perferendis excepturi. Ullam rerum error corporis.',87,1,0,0,'1944-01-06 02:50:39','2020-08-06 18:45:34'),(88,88,18,'Rerum praesentium modi molestiae cumque.','Officiis rerum consectetur et deleniti deleniti veritatis. Nisi deserunt cupiditate voluptas qui sed sit. Sint a consequatur impedit sit nulla. Esse incidunt ea qui quibusdam ipsa ipsam.',88,0,1,857035,'1992-01-27 08:43:04','2020-08-06 18:45:34'),(89,89,14,'Placeat quia placeat quo accusamus iste harum eos.','Quis aspernatur ea exercitationem consequatur. Illo molestiae dolorum qui. Dolor aut aliquid occaecati. Ipsa expedita qui molestiae doloremque.',89,0,1,0,'1958-12-19 12:24:17','2020-08-06 18:45:34'),(90,90,15,'Velit reprehenderit sed reiciendis soluta.','Et qui consequatur quos dolor excepturi voluptatem. Corrupti fuga qui et aut placeat sed maiores. Aut dolorem repudiandae vitae fugiat esse soluta rerum.',90,1,0,7204900,'1948-04-11 14:07:05','2020-08-06 18:45:34'),(91,91,12,'Fugit magni nobis illo et.','Voluptatem mollitia molestias aliquam fuga quo voluptatibus. Reiciendis ex est sunt. Sed tempora fugit dolorem asperiores vel sed.',91,0,0,334160,'1931-01-06 16:36:11','2020-08-06 18:45:34'),(92,92,15,'Omnis consectetur earum accusantium officia.','Sit sapiente sunt non eos qui et beatae magnam. Vel sapiente in impedit est tempore. Non tempora sit quidem a.',92,1,0,5129,'1932-04-11 06:48:36','2020-08-06 18:45:34'),(93,93,17,'Ipsam architecto aspernatur qui aspernatur veritatis sit.','Soluta sed tempore deleniti blanditiis. Aliquam in qui aut nihil. Inventore rem molestiae minima nesciunt delectus vitae. Sequi dolore aut dolorem earum porro porro.',93,1,1,7009402,'1952-07-25 14:33:10','2020-08-06 18:45:34'),(94,94,2,'Quidem aperiam qui repellat consequatur necessitatibus molestias eum perspiciatis.','Tempora atque accusantium nobis aut molestias unde. Quia placeat enim doloribus quas iste. Ad expedita sunt quidem quod ratione. Qui et sunt accusantium doloremque iure enim facere.',94,1,1,0,'2005-04-11 10:22:19','2020-08-06 18:45:34'),(95,95,16,'Beatae debitis asperiores corrupti fuga.','Eum aut est autem officiis. Qui nam incidunt amet aut. Aliquid nesciunt qui sunt.',95,1,0,6534,'1935-02-09 12:59:18','2020-08-06 18:45:34'),(96,96,13,'Voluptas ea rerum cum quas.','Est quisquam dolores corporis consequatur possimus. Minus omnis et sit sapiente molestiae consequatur rerum. Provident eveniet necessitatibus ipsam repudiandae eos.',96,0,0,3291919,'1922-09-15 14:14:14','2020-08-06 18:45:34'),(97,97,19,'Est ipsam repellendus natus rerum.','Debitis sit ut quas quo. Aut quis asperiores numquam id voluptas. Nulla provident maiores officiis aut quidem placeat qui.',97,0,1,79168220,'1931-01-21 01:12:58','2020-08-06 18:45:34'),(98,98,17,'Qui corporis facilis qui sapiente iusto magnam voluptatem.','Qui dolorem natus aut odit. Laborum quia dolor ducimus minima ducimus et. Non temporibus eos quia sit.',98,1,1,784,'1947-03-14 20:31:05','2020-08-06 18:45:34'),(99,99,4,'Eos omnis sunt ipsum aut.','Accusamus beatae aspernatur molestiae autem omnis aut. Ea porro et molestiae dolores nobis est. Sed eveniet similique adipisci recusandae quos.',99,1,0,0,'1936-07-10 16:30:17','2020-08-06 18:45:34'),(100,100,11,'Velit beatae voluptatem sunt occaecati est odio accusantium.','Officiis architecto omnis vel in odio error. Deleniti pariatur et nam optio. Qui non cum voluptatem magnam ut amet qui. Natus incidunt numquam accusantium repellendus soluta et.',100,0,1,146,'1933-12-12 15:11:19','2020-08-06 18:45:34');
/*!40000 ALTER TABLE `posts` ENABLE KEYS */;
UNLOCK TABLES;

--
-- Table structure for table `profiles`
--

DROP TABLE IF EXISTS `profiles`;
/*!40101 SET @saved_cs_client     = @@character_set_client */;
/*!50503 SET character_set_client = utf8mb4 */;
CREATE TABLE `profiles` (
  `user_id` int unsigned NOT NULL COMMENT 'Ссылка на пользователя',
  `gender` char(1) CHARACTER SET utf8 COLLATE utf8_unicode_ci NOT NULL COMMENT 'Пол',
  `birthday` date DEFAULT NULL COMMENT 'Дата рождения',
  `photo_id` int unsigned DEFAULT NULL COMMENT 'Ссылка на основную фотографию пользователя',
  `city` varchar(130) CHARACTER SET utf8 COLLATE utf8_unicode_ci DEFAULT NULL COMMENT 'Город проживания',
  `country` varchar(130) CHARACTER SET utf8 COLLATE utf8_unicode_ci DEFAULT NULL COMMENT 'Страна проживания',
  `created_at` datetime DEFAULT CURRENT_TIMESTAMP COMMENT 'Время создания строки',
  `updated_at` datetime DEFAULT CURRENT_TIMESTAMP ON UPDATE CURRENT_TIMESTAMP COMMENT 'Время обновления строки',
  PRIMARY KEY (`user_id`),
  KEY `profiles_photo_id_fk` (`photo_id`),
  CONSTRAINT `profiles_photo_id_fk` FOREIGN KEY (`photo_id`) REFERENCES `media` (`id`) ON DELETE SET NULL,
  CONSTRAINT `profiles_user_id_fk` FOREIGN KEY (`user_id`) REFERENCES `users` (`id`) ON DELETE CASCADE
) ENGINE=InnoDB DEFAULT CHARSET=utf8 COLLATE=utf8_unicode_ci COMMENT='Профили';
/*!40101 SET character_set_client = @saved_cs_client */;

--
-- Dumping data for table `profiles`
--

LOCK TABLES `profiles` WRITE;
/*!40000 ALTER TABLE `profiles` DISABLE KEYS */;
INSERT INTO `profiles` VALUES (1,'m','1970-07-28',86,'Lake Shawnberg','Nepal','2006-08-07 13:04:45','2020-07-28 19:04:19'),(2,'f','1970-03-10',90,'New Napoleonport','Cameroon','1980-01-03 18:13:10','2020-07-28 19:04:19'),(3,'f','1970-03-03',94,'O\'Connellmouth','Philippines','1972-08-25 12:29:32','2020-07-28 19:04:19'),(4,'f','1970-12-03',97,'Bradfordmouth','Bulgaria','1976-05-10 16:00:21','2020-07-28 19:04:19'),(5,'m','1970-08-23',6,'Lake Delpha','Venezuela','1976-01-23 16:27:06','2020-07-28 19:04:19'),(6,'f','1970-07-31',35,'Williamsonshire','Romania','1994-07-26 00:51:08','2020-07-28 19:04:19'),(7,'m','1970-12-04',59,'Kellyborough','Italy','1973-05-19 14:15:25','2020-07-28 19:04:19'),(8,'m','2003-05-07',88,'Port Magali','Venezuela','2010-12-24 11:53:47','2020-07-28 19:04:19'),(9,'m','1989-09-02',64,'Alyshachester','Saudi Arabia','1998-04-26 13:00:43','2020-07-28 19:04:19'),(10,'m','1970-12-31',57,'New Myronmouth','Portugal','2009-03-01 12:17:57','2020-07-28 19:04:19'),(11,'m','2007-03-26',89,'West Christatown','Kyrgyz Republic','2013-04-20 06:42:07','2020-07-28 19:04:19'),(12,'m','1970-02-28',76,'North Retha','Russian Federation','1991-11-25 04:24:11','2020-07-28 19:04:19'),(13,'f','1982-03-03',10,'New Alberta','Lao People\'s Democratic Republic','1998-05-06 11:01:54','2020-07-28 19:04:19'),(14,'m','1970-04-07',22,'Port Marleneberg','Sweden','1999-08-03 13:53:11','2020-07-28 19:04:19'),(15,'m','1970-09-08',79,'Angelmouth','Maldives','1989-02-08 03:58:34','2020-07-28 19:04:19'),(16,'m','1972-05-16',31,'Lake Audie','Slovenia','1987-10-31 13:49:48','2020-07-28 19:04:19'),(17,'m','1976-09-01',16,'Marvinland','Pakistan','2020-04-28 23:25:05','2020-07-28 19:04:19'),(18,'m','1989-04-02',85,'Port Sageton','Kenya','2002-12-26 07:40:06','2020-07-28 19:04:19'),(19,'m','1970-11-07',79,'Port Hunterfurt','Heard Island and McDonald Islands','1997-01-15 09:28:11','2020-07-28 19:04:19'),(20,'f','1990-09-08',37,'Koeppton','Malaysia','2011-08-03 17:27:57','2020-07-28 19:04:19'),(21,'m','1970-08-25',50,'Krystelview','Belgium','1978-10-29 20:59:01','2020-07-28 19:04:19'),(22,'f','1970-01-03',37,'Hermistonville','Luxembourg','1987-12-06 21:21:47','2020-07-28 19:04:19'),(23,'f','1970-11-28',33,'North Aileen','Romania','1983-01-26 13:06:00','2020-07-28 19:04:19'),(24,'m','1970-04-02',56,'West Jaidahaven','Isle of Man','2001-07-30 17:07:43','2020-07-28 19:04:19'),(25,'m','1970-07-22',78,'Abbotthaven','Trinidad and Tobago','1981-01-16 14:17:53','2020-07-28 19:04:19'),(26,'m','1986-03-11',22,'Antoninaberg','Papua New Guinea','2014-02-15 01:55:05','2020-07-28 19:04:19'),(27,'f','1971-03-06',77,'Arnoldoberg','Palau','2019-04-03 22:11:55','2020-07-28 19:04:19'),(28,'f','1988-05-26',17,'Kertzmannside','Liberia','1989-07-17 20:56:30','2020-07-28 19:04:19'),(29,'m','1970-07-08',53,'Windlerhaven','Turks and Caicos Islands','1977-03-08 13:58:17','2020-07-28 19:04:19'),(30,'m','1977-07-03',13,'Naderview','Northern Mariana Islands','2012-06-24 02:42:31','2020-07-28 19:04:19'),(31,'f','1990-05-09',7,'Port Demond','Timor-Leste','2002-04-03 20:51:53','2020-07-28 19:04:19'),(32,'m','1979-11-05',95,'Mohammadton','Luxembourg','1994-05-11 16:00:00','2020-07-28 19:04:19'),(33,'f','1970-03-04',53,'East Keara','Maldives','2008-02-23 23:57:29','2020-07-28 19:04:19'),(34,'m','1972-08-07',78,'Raquelville','Bulgaria','1976-12-22 12:10:10','2020-07-28 19:04:19'),(35,'m','1983-10-20',34,'West Eliasside','Australia','2019-07-06 11:53:20','2020-07-28 19:04:19'),(36,'f','1970-02-10',33,'Ivahburgh','Andorra','2002-05-31 20:38:14','2020-07-28 19:04:19'),(37,'m','1970-12-16',64,'Daytonfurt','Macao','1992-09-18 00:43:21','2020-07-28 19:04:19'),(38,'m','2002-12-03',20,'North Alvah','Palau','2008-05-18 16:00:23','2020-07-28 19:04:19'),(39,'m','1991-11-07',8,'South Janice','Slovenia','2019-02-14 18:25:29','2020-07-28 19:04:19'),(40,'f','1999-12-12',79,'Bergefurt','Poland','2015-08-14 04:18:30','2020-07-28 19:04:19'),(41,'f','1970-11-25',70,'North Avamouth','Swaziland','1975-07-08 16:03:35','2020-07-28 19:04:19'),(42,'f','1973-11-16',11,'Borermouth','Bosnia and Herzegovina','2008-04-13 04:40:38','2020-07-28 19:04:19'),(43,'m','1970-06-10',45,'East Ellis','Ireland','2011-10-23 00:29:07','2020-07-28 19:04:19'),(44,'f','1984-03-04',92,'Bradtkeview','Canada','1986-12-16 16:36:15','2020-07-28 19:04:19'),(45,'f','1970-01-14',25,'Bertastad','Netherlands','1986-02-09 23:43:46','2020-07-28 19:04:19'),(46,'m','2002-12-10',47,'Lake Sydnee','Israel','2015-02-23 20:03:18','2020-07-28 19:04:19'),(47,'m','1970-09-03',59,'East Violette','Israel','1994-03-10 07:37:40','2020-07-28 19:04:19'),(48,'m','1996-12-30',53,'East Jadaside','Macao','2018-09-04 09:33:28','2020-07-28 19:04:19'),(49,'f','1970-10-06',90,'Hassanchester','Syrian Arab Republic','1990-03-19 06:36:33','2020-07-28 19:04:19'),(50,'f','1970-03-20',89,'South Russ','Monaco','2008-07-01 06:18:54','2020-07-28 19:04:19'),(51,'f','2006-02-26',77,'Port Zackary','Tuvalu','2008-05-03 15:15:06','2020-07-28 19:04:19'),(52,'f','1972-07-06',15,'Marcfort','Antigua and Barbuda','2010-01-30 04:10:28','2020-07-28 19:04:19'),(53,'m','1970-01-04',46,'South Watsonburgh','British Virgin Islands','1997-04-12 02:36:14','2020-07-28 19:04:19'),(54,'f','1988-05-01',85,'Michaelaport','Comoros','1991-06-26 07:38:24','2020-07-28 19:04:19'),(55,'m','1985-10-30',84,'South Tianaview','Saint Vincent and the Grenadines','2013-09-26 05:14:06','2020-07-28 19:04:19'),(56,'m','1987-09-04',64,'North Alexandrea','Bhutan','2008-05-25 06:41:36','2020-07-28 19:04:19'),(57,'m','1970-04-12',70,'Corwinberg','Colombia','2005-12-01 03:47:40','2020-07-28 19:04:19'),(58,'m','2012-05-12',56,'Charleneberg','Montserrat','2012-10-02 18:34:32','2020-07-28 19:04:19'),(59,'m','1970-05-08',70,'New Giovanniside','Mauritius','1983-11-10 13:01:42','2020-07-28 19:04:19'),(60,'m','1970-11-13',81,'Keelyshire','Saint Martin','1992-01-06 22:17:10','2020-07-28 19:04:19'),(61,'f','1994-12-25',94,'Bradtkeview','Montenegro','1995-09-08 17:35:23','2020-07-28 19:04:19'),(62,'f','1970-11-29',28,'East Orland','Honduras','2009-08-01 21:02:54','2020-07-28 19:04:19'),(63,'f','1970-08-15',58,'West Juvenalmouth','Korea','1980-04-29 11:34:21','2020-07-28 19:04:19'),(64,'f','1970-11-30',6,'East Elsa','Slovenia','1976-10-22 14:42:21','2020-07-28 19:04:19'),(65,'f','1979-10-05',53,'Port Van','San Marino','2016-12-12 02:01:36','2020-07-28 19:04:19'),(66,'f','1970-10-14',47,'East Hilda','Japan','1980-12-27 08:54:43','2020-07-28 19:04:19'),(67,'m','2009-10-08',74,'Chayachester','Mayotte','2018-03-20 19:38:12','2020-07-28 19:04:19'),(68,'f','1996-07-23',30,'Considinechester','Bulgaria','2017-04-29 13:19:30','2020-07-28 19:04:19'),(69,'m','1982-11-21',28,'Port Kassandraport','Puerto Rico','2015-11-27 23:49:09','2020-07-28 19:04:19'),(70,'m','1970-10-03',50,'North Kiera','Comoros','1980-07-27 17:58:57','2020-07-28 19:04:19'),(71,'f','1970-07-08',65,'Romagueraville','Mayotte','2003-11-21 14:15:22','2020-07-28 19:04:19'),(72,'m','1972-11-17',74,'Gusikowskitown','Ethiopia','2011-10-24 05:59:02','2020-07-28 19:04:19'),(73,'m','1970-01-28',75,'West Rita','Lesotho','1984-12-02 17:40:05','2020-07-28 19:04:19'),(74,'m','1987-05-05',52,'Port Lillie','Cape Verde','2001-06-09 23:05:50','2020-07-28 19:04:19'),(75,'m','1994-11-02',35,'West Shemar','Greenland','2014-09-05 22:15:32','2020-07-28 19:04:19'),(76,'m','1984-03-20',18,'Haleymouth','South Africa','1990-05-07 19:16:59','2020-07-28 19:04:19'),(77,'f','1970-07-19',85,'South Laury','Iceland','1988-02-18 15:17:54','2020-07-28 19:04:19'),(78,'f','1976-02-22',70,'Lake Laverne','Croatia','2001-07-25 20:35:23','2020-07-28 19:04:19'),(79,'f','1985-08-14',97,'East Cydneyfort','Morocco','2005-01-12 17:48:46','2020-07-28 19:04:19'),(80,'f','1970-01-01',71,'Lake Loischester','Liberia','2012-04-12 08:06:44','2020-07-28 19:04:19'),(81,'f','1970-01-10',65,'East Odellchester','Bahrain','1997-03-01 14:37:20','2020-07-28 19:04:19'),(82,'f','2012-11-12',10,'East Misael','France','2014-07-24 15:11:20','2020-07-28 19:04:19'),(83,'f','1970-02-10',57,'Damienberg','Malta','1976-09-09 15:22:13','2020-07-28 19:04:19'),(84,'f','1985-09-14',54,'Lake Michaela','Myanmar','1987-03-08 04:53:49','2020-07-28 19:04:19'),(85,'m','1982-05-27',96,'East Roberta','Gabon','1987-11-25 04:27:04','2020-07-28 19:04:19'),(86,'m','1972-12-24',21,'Moiseston','Macao','2002-08-05 22:18:26','2020-07-28 19:04:19'),(87,'m','1997-03-02',15,'Lake Gage','Brunei Darussalam','1999-01-28 08:40:32','2020-07-28 19:04:19'),(88,'m','1970-10-09',11,'South Alfview','Macedonia','1983-02-06 16:12:04','2020-07-28 19:04:19'),(89,'m','1972-02-01',8,'Lake Christopton','Dominica','2013-06-10 02:35:33','2020-07-28 19:04:19'),(90,'m','1970-09-13',9,'New Sydneemouth','Pitcairn Islands','1978-02-03 15:06:07','2020-07-28 19:04:19'),(91,'m','1974-03-24',18,'West Liliane','Bosnia and Herzegovina','1975-04-04 13:41:42','2020-07-28 19:04:19'),(92,'f','2007-02-27',63,'West Jamarborough','Martinique','2014-05-06 18:21:41','2020-07-28 19:04:19'),(93,'m','1986-12-06',61,'Hilllhaven','Italy','2013-10-12 19:54:17','2020-07-28 19:04:19'),(94,'f','1993-12-12',15,'Monahanchester','Azerbaijan','1997-09-25 16:58:27','2020-07-28 19:04:19'),(95,'f','1970-05-02',92,'East Lerabury','Ghana','1990-06-07 18:10:58','2020-07-28 19:04:19'),(96,'m','1983-09-07',13,'New Rex','Sierra Leone','2009-07-20 08:18:06','2020-07-28 19:04:19'),(97,'f','1970-02-13',89,'Rollinchester','New Caledonia','2016-11-11 08:35:15','2020-07-28 19:04:19'),(98,'m','1970-10-08',4,'East Tobin','India','1989-09-28 18:49:46','2020-07-28 19:04:19'),(99,'m','1975-12-25',53,'Carterfurt','New Zealand','2014-05-25 03:24:11','2020-07-28 19:04:19'),(100,'m','1970-12-13',54,'East Faeton','Montserrat','1981-02-20 21:02:51','2020-07-28 19:04:19');
/*!40000 ALTER TABLE `profiles` ENABLE KEYS */;
UNLOCK TABLES;

--
-- Table structure for table `target_types`
--

DROP TABLE IF EXISTS `target_types`;
/*!40101 SET @saved_cs_client     = @@character_set_client */;
/*!50503 SET character_set_client = utf8mb4 */;
CREATE TABLE `target_types` (
  `id` int unsigned NOT NULL AUTO_INCREMENT,
  `name` varchar(255) NOT NULL,
  `created_at` datetime DEFAULT CURRENT_TIMESTAMP,
  PRIMARY KEY (`id`),
  UNIQUE KEY `name` (`name`)
) ENGINE=InnoDB AUTO_INCREMENT=5 DEFAULT CHARSET=utf8mb4 COLLATE=utf8mb4_0900_ai_ci;
/*!40101 SET character_set_client = @saved_cs_client */;

--
-- Dumping data for table `target_types`
--

LOCK TABLES `target_types` WRITE;
/*!40000 ALTER TABLE `target_types` DISABLE KEYS */;
INSERT INTO `target_types` VALUES (1,'messages','2020-08-06 15:26:22'),(2,'users','2020-08-06 15:26:22'),(3,'media','2020-08-06 15:26:22'),(4,'posts','2020-08-06 15:26:22');
/*!40000 ALTER TABLE `target_types` ENABLE KEYS */;
UNLOCK TABLES;

--
-- Table structure for table `users`
--

DROP TABLE IF EXISTS `users`;
/*!40101 SET @saved_cs_client     = @@character_set_client */;
/*!50503 SET character_set_client = utf8mb4 */;
CREATE TABLE `users` (
  `id` int unsigned NOT NULL AUTO_INCREMENT COMMENT 'Идентификатор строки',
  `first_name` varchar(100) CHARACTER SET utf8 COLLATE utf8_unicode_ci NOT NULL COMMENT 'Имя пользователя',
  `last_name` varchar(100) CHARACTER SET utf8 COLLATE utf8_unicode_ci NOT NULL COMMENT 'Фамилия пользователя',
  `email` varchar(100) CHARACTER SET utf8 COLLATE utf8_unicode_ci NOT NULL COMMENT 'Почта',
  `phone` varchar(100) CHARACTER SET utf8 COLLATE utf8_unicode_ci NOT NULL COMMENT 'Телефон',
  `created_at` datetime DEFAULT CURRENT_TIMESTAMP COMMENT 'Время создания строки',
  `updated_at` datetime DEFAULT CURRENT_TIMESTAMP ON UPDATE CURRENT_TIMESTAMP COMMENT 'Время обновления строки',
  PRIMARY KEY (`id`),
  UNIQUE KEY `email` (`email`),
  UNIQUE KEY `phone` (`phone`)
) ENGINE=InnoDB AUTO_INCREMENT=101 DEFAULT CHARSET=utf8 COLLATE=utf8_unicode_ci COMMENT='Пользователи';
/*!40101 SET character_set_client = @saved_cs_client */;

--
-- Dumping data for table `users`
--

LOCK TABLES `users` WRITE;
/*!40000 ALTER TABLE `users` DISABLE KEYS */;
INSERT INTO `users` VALUES (1,'Kellen','Keebler','brittany85@example.com','(658)758-5848x1291','2019-11-19 07:36:53','2019-12-12 19:35:50'),(2,'Maya','Stoltenberg','leslie25@example.net','1-717-606-5743x145','2019-08-18 07:37:21','2020-03-19 10:14:01'),(3,'Marcia','Bartoletti','loren.casper@example.com','743.488.7530','2019-10-25 22:28:27','2020-02-09 09:39:29'),(4,'Aletha','Lockman','mokuneva@example.net','1-408-141-8065x4672','2019-12-16 17:26:58','2020-05-24 16:51:18'),(5,'Cali','Gulgowski','yschuster@example.net','(836)460-7046x6040','2020-07-04 07:57:04','2020-07-28 18:37:26'),(6,'Florencio','Donnelly','rolfson.grayson@example.org','1-013-704-2964','2019-09-28 09:37:06','2020-02-25 15:38:35'),(7,'Sandra','Wilkinson','willms.lauriane@example.net','(663)192-4809x907','2020-02-11 10:14:34','2020-07-28 18:37:26'),(8,'Lawson','Krajcik','lois76@example.com','07201356509','2019-08-11 09:53:57','2020-06-23 07:58:42'),(9,'Daisy','Cremin','shayna58@example.org','269-272-4023','2019-10-17 08:19:56','2020-07-28 18:37:26'),(10,'Maynard','Eichmann','kaelyn.willms@example.org','1-362-253-4690','2019-09-19 10:38:12','2019-10-26 13:29:23'),(11,'Bernadette','Orn','imetz@example.org','723-822-8641','2020-02-03 17:28:42','2020-05-02 12:01:17'),(12,'Pearline','Crist','jairo55@example.com','527.988.5862','2019-12-28 22:30:56','2020-07-28 18:37:26'),(13,'Shawna','Padberg','elwyn47@example.net','578-168-9302x2652','2019-10-30 15:14:59','2020-07-12 06:54:40'),(14,'Trever','Gleichner','blanche.grady@example.com','00929767038','2019-10-23 02:09:09','2020-07-28 18:37:26'),(15,'Adrain','Runolfsdottir','kyler.bahringer@example.net','740-305-7149x0293','2019-12-18 15:15:44','2020-07-28 18:37:26'),(16,'Archibald','Labadie','kwolff@example.net','(836)153-6725','2019-12-12 14:14:18','2020-03-02 12:30:50'),(17,'Gisselle','Zulauf','tdaugherty@example.net','477-830-0895','2020-01-29 12:02:16','2020-03-17 14:21:33'),(18,'Marquise','Hackett','jaquan.gleichner@example.com','764.486.0671x389','2020-01-29 17:27:02','2020-07-28 18:37:26'),(19,'Arnoldo','Shanahan','luis46@example.net','264.272.7421','2019-07-27 18:25:08','2020-05-20 19:29:47'),(20,'Leatha','Reilly','bo91@example.com','(824)015-8954','2020-07-18 05:11:30','2020-07-28 18:37:26'),(21,'Beulah','Kohler','corene.ruecker@example.net','1-219-954-4556x978','2020-02-07 09:32:19','2020-07-28 18:37:26'),(22,'Tiara','Blanda','oswaldo20@example.org','698.966.9016x976','2020-06-16 20:13:32','2020-06-17 14:46:40'),(23,'Frederick','Schroeder','torey.dickinson@example.com','915-145-2462x8958','2020-05-21 23:27:25','2020-05-29 10:34:42'),(24,'Hellen','Davis','berge.katheryn@example.net','1-144-096-2826x7418','2019-08-31 17:47:46','2020-02-15 15:51:09'),(25,'Brannon','Kihn','squigley@example.com','09126472694','2020-03-30 10:10:37','2020-05-11 20:54:14'),(26,'Ephraim','Spencer','frempel@example.net','(468)837-3566x7326','2019-09-20 22:30:31','2020-05-26 15:28:13'),(27,'Lon','Weimann','runolfsson.eulalia@example.com','762-812-7276x8684','2020-04-03 21:18:01','2020-07-28 18:37:26'),(28,'Allan','Kilback','jesse36@example.org','+23(6)1521644761','2019-08-03 12:40:31','2019-10-30 05:12:26'),(29,'Mitchell','Ledner','millie29@example.net','1-199-407-8367','2020-03-01 13:52:07','2020-07-28 18:37:26'),(30,'Marc','Waelchi','medhurst.theodora@example.net','1-021-927-3707x379','2019-09-05 00:38:12','2020-07-01 08:11:29'),(31,'Horacio','Morar','fturcotte@example.com','624.573.8867x360','2019-09-16 07:25:20','2020-07-28 18:37:26'),(32,'Lexus','Becker','cristina.mclaughlin@example.net','185.164.1686x0492','2020-04-06 17:17:12','2020-07-28 18:37:26'),(33,'Elmo','Bergstrom','dwight03@example.org','(039)783-0595','2019-12-11 14:14:19','2020-05-16 08:41:44'),(34,'Gladyce','Bergstrom','yschimmel@example.org','1-036-335-1225x9865','2020-05-01 15:34:57','2020-07-28 18:37:26'),(35,'Erich','Bashirian','schowalter.theodora@example.com','033.459.2213','2019-09-21 15:02:43','2020-07-28 18:37:26'),(36,'Filiberto','Effertz','brown.theresia@example.net','+60(7)1492848457','2019-12-28 05:05:52','2020-01-26 10:48:17'),(37,'Arvid','Welch','reinger.shanelle@example.com','(900)810-0600x51011','2020-05-14 04:28:20','2020-07-28 18:37:26'),(38,'Wilfredo','Funk','harris.mafalda@example.org','+89(5)8604857939','2020-01-14 03:27:29','2020-06-07 03:41:27'),(39,'Yasmin','Kiehn','pwunsch@example.org','05034281137','2020-05-24 06:34:56','2020-07-28 18:37:26'),(40,'Era','Bernhard','terrell.reynolds@example.net','547-932-7892','2019-11-18 08:31:33','2020-06-09 21:56:43'),(41,'Demetris','Zulauf','aylin.crooks@example.org','201.708.4732','2019-09-07 10:00:33','2020-07-28 18:37:26'),(42,'Milo','Collier','maia.stamm@example.net','172.650.9492x4738','2020-03-23 09:40:39','2020-07-28 18:37:26'),(43,'Granville','Medhurst','legros.lilliana@example.net','1-538-942-3420','2020-02-04 04:30:50','2020-06-17 15:18:55'),(44,'Darlene','Luettgen','lacey.christiansen@example.net','1-148-673-8909','2019-08-29 04:08:26','2020-01-27 05:13:29'),(45,'Camren','Zulauf','jvandervort@example.net','1-045-750-7425x537','2019-10-05 17:12:59','2019-11-21 17:01:16'),(46,'Viola','Pagac','peggie31@example.com','(298)052-6804x637','2020-01-17 12:55:05','2020-07-28 18:37:26'),(47,'Kristy','Kub','lind.jazlyn@example.org','(555)992-2654','2019-09-20 08:36:43','2020-07-28 18:37:26'),(48,'Garry','Koelpin','emery.stanton@example.com','+26(8)0330177805','2020-05-05 13:36:52','2020-07-28 18:37:26'),(49,'Magnolia','Smith','amani49@example.org','1-422-681-7093','2019-08-05 20:58:43','2019-12-26 10:54:33'),(50,'Josephine','Williamson','marilie47@example.org','1-634-807-1518x847','2019-09-17 19:39:06','2019-12-25 06:07:21'),(51,'Mireille','Bechtelar','dwuckert@example.com','03144296914','2019-07-26 00:18:13','2019-12-24 13:16:53'),(52,'Lyla','Mante','kiehn.winnifred@example.org','1-258-930-3122x3271','2019-08-11 23:54:28','2020-06-22 02:09:35'),(53,'Nicholas','Dare','guy.klein@example.org','(640)632-7484','2019-09-04 21:30:46','2020-07-04 09:58:52'),(54,'Ludie','Cremin','gretchen.thompson@example.org','1-677-199-3295x94030','2020-06-14 11:52:15','2020-07-28 18:37:26'),(55,'Madisen','Bergnaum','quinn97@example.net','(168)476-6380x8221','2019-11-28 04:47:37','2020-07-21 21:08:00'),(56,'Brandy','Simonis','savion.carroll@example.net','1-086-700-3873','2020-04-13 15:17:04','2020-07-28 18:37:26'),(57,'Oma','Cormier','lorenz53@example.com','(332)960-8810x477','2019-07-25 16:59:21','2020-03-13 16:44:42'),(58,'Benny','Hagenes','bethany56@example.net','(237)516-5164x781','2019-10-20 06:41:49','2020-06-11 09:43:38'),(59,'Shirley','Hintz','fraynor@example.net','(950)811-5279','2020-07-13 23:09:37','2020-07-28 18:37:26'),(60,'Kaylah','Medhurst','watson50@example.com','343-195-6332','2019-08-11 09:36:55','2020-03-07 08:30:44'),(61,'Amparo','Leffler','ryan.doyle@example.net','02340649320','2019-09-29 12:40:10','2020-04-24 18:19:10'),(62,'Carolyn','Harvey','apaucek@example.com','+45(1)1327794195','2019-10-02 04:52:37','2020-02-18 13:33:12'),(63,'Arnulfo','Johns','percival59@example.net','463.861.1478','2020-04-10 12:45:59','2020-07-28 18:37:26'),(64,'Cole','Champlin','arianna67@example.net','304.273.5876x2570','2020-07-02 04:44:01','2020-07-28 18:37:26'),(65,'Keven','Bashirian','keara.thiel@example.org','1-344-069-4970x0149','2020-04-25 15:19:37','2020-07-28 18:37:26'),(66,'Shanon','Gorczany','conroy.terry@example.com','(434)518-9815x035','2020-06-09 08:53:59','2020-07-28 18:37:26'),(67,'Jesse','Hartmann','ykihn@example.org','1-145-509-4981x073','2020-05-03 19:43:35','2020-07-28 18:37:26'),(68,'Devan','Upton','margret.simonis@example.com','07763987293','2020-04-07 15:33:01','2020-07-28 18:37:26'),(69,'Timothy','Howell','mollie72@example.org','212-803-9193','2020-04-11 03:31:30','2020-07-28 18:37:26'),(70,'Johnny','Schowalter','enid.crona@example.com','966.946.9446','2020-02-18 15:20:52','2020-07-28 18:37:26'),(71,'Dennis','Lockman','dejon.koch@example.net','(092)378-5378x231','2019-08-29 10:01:55','2019-12-27 22:31:31'),(72,'Ricardo','Schneider','enos.bogisich@example.org','833-631-2093','2020-05-25 07:51:02','2020-07-28 18:37:26'),(73,'Heaven','Fadel','ckuhn@example.net','794.982.5640','2020-03-02 21:24:54','2020-06-16 06:30:28'),(74,'Kassandra','Hermiston','bwolf@example.org','215-242-7459x08824','2020-03-05 20:49:50','2020-07-28 18:37:26'),(75,'Colten','Harris','reyes70@example.org','864-538-7343x8351','2020-07-06 03:37:17','2020-07-28 18:37:26'),(76,'Moriah','Crist','grant.darrell@example.net','+64(3)5374683411','2020-06-17 05:48:21','2020-07-28 18:37:26'),(77,'Dillan','Hackett','kayleigh.leffler@example.net','1-134-634-7937','2019-08-30 01:28:43','2020-03-28 03:21:29'),(78,'Dayana','Towne','cydney.pfannerstill@example.com','(794)580-2392x832','2019-08-30 20:14:09','2020-04-05 17:50:40'),(79,'Troy','Ryan','braulio.schroeder@example.net','1-911-951-7939x91164','2020-02-15 22:19:40','2020-07-14 19:44:26'),(80,'Ruben','Kub','hector.heathcote@example.com','+42(9)0924247281','2019-12-18 06:13:58','2020-07-28 18:37:26'),(81,'Lottie','Zulauf','maxine.dietrich@example.com','+00(8)7338803632','2019-11-29 18:16:11','2020-07-28 18:37:26'),(82,'Cecelia','Ratke','bwindler@example.com','368.037.3847x9698','2019-09-12 00:03:25','2020-03-25 22:26:42'),(83,'Germaine','Gibson','melissa13@example.org','+13(9)9502814591','2020-06-18 12:54:35','2020-07-06 15:55:42'),(84,'Amos','Weissnat','cremin.rowan@example.org','016.580.4420x845','2019-08-13 02:58:07','2020-03-07 19:52:16'),(85,'Rodrick','Thompson','tommie.padberg@example.com','1-889-721-2662','2020-05-28 03:20:24','2020-07-28 18:37:26'),(86,'Serena','Ferry','joannie56@example.net','1-422-598-6783','2019-12-20 18:20:03','2020-05-23 01:00:30'),(87,'Bill','Anderson','ada.swift@example.org','974-503-6863x47360','2020-06-25 20:38:37','2020-07-28 18:37:26'),(88,'Dandre','Parker','umoen@example.org','(373)869-9322x99348','2019-08-01 23:39:28','2020-03-10 17:52:42'),(89,'Oran','Buckridge','cielo.roob@example.com','1-775-464-4976','2020-01-28 16:50:02','2020-07-07 15:44:17'),(90,'Nolan','Swaniawski','jackson40@example.net','006.872.8751','2019-12-22 08:36:48','2020-07-28 18:37:26'),(91,'Mikel','Lemke','anderson.moses@example.com','02995193355','2020-06-12 16:40:27','2020-07-28 18:37:26'),(92,'Grover','Lesch','borer.jenifer@example.com','1-580-597-5802','2020-03-06 05:59:59','2020-07-28 18:37:26'),(93,'Destin','Kuhn','furman11@example.org','461.260.6077x7168','2020-03-26 09:18:22','2020-05-14 03:53:37'),(94,'Justyn','Rowe','jmccullough@example.org','1-978-068-2441','2020-04-15 15:58:28','2020-07-28 18:37:26'),(95,'Gennaro','Nitzsche','ebert.juwan@example.com','1-205-958-6272x03287','2020-02-29 01:28:39','2020-07-28 18:37:26'),(96,'Giovanna','Hermann','milford01@example.com','(121)817-5938x9207','2019-12-05 16:40:34','2020-07-28 18:37:26'),(97,'Lionel','Denesik','welch.larry@example.org','947.758.4172','2019-08-08 05:06:48','2020-05-01 05:00:42'),(98,'Ryder','Dicki','delta.hettinger@example.net','(247)510-4896x1138','2020-05-15 01:38:59','2020-07-28 18:37:26'),(99,'Maudie','Wyman','dameon26@example.org','182-310-0443x938','2019-08-30 20:58:40','2019-12-28 18:00:40'),(100,'Rubye','Denesik','scot.hegmann@example.net','1-713-750-5668','2020-07-22 15:32:57','2020-07-28 18:37:26');
/*!40000 ALTER TABLE `users` ENABLE KEYS */;
UNLOCK TABLES;
/*!40103 SET TIME_ZONE=@OLD_TIME_ZONE */;

/*!40101 SET SQL_MODE=@OLD_SQL_MODE */;
/*!40014 SET FOREIGN_KEY_CHECKS=@OLD_FOREIGN_KEY_CHECKS */;
/*!40014 SET UNIQUE_CHECKS=@OLD_UNIQUE_CHECKS */;
/*!40101 SET CHARACTER_SET_CLIENT=@OLD_CHARACTER_SET_CLIENT */;
/*!40101 SET CHARACTER_SET_RESULTS=@OLD_CHARACTER_SET_RESULTS */;
/*!40101 SET COLLATION_CONNECTION=@OLD_COLLATION_CONNECTION */;
/*!40111 SET SQL_NOTES=@OLD_SQL_NOTES */;

-- Dump completed on 2020-08-06 18:48:59
